2023-08-29 23:00:09,f_070_Aggegate,Orthogonal Displacement,mm,0.05543631,13.81
2023-08-29 23:10:09,f_070_Aggegate,Orthogonal Displacement,mm,0.05772705,13.61
2023-08-29 23:20:09,f_070_Aggegate,Orthogonal Displacement,mm,0.06017051,13
2023-08-29 23:30:09,f_070_Aggegate,Orthogonal Displacement,mm,0.06139224,13
2023-08-29 23:40:09,f_070_Aggegate,Orthogonal Displacement,mm,0.06337755,13.41
2023-08-29 23:50:09,f_070_Aggegate,Orthogonal Displacement,mm,0.06521015,13.2
2023-08-30 00:00:09,f_070_Aggegate,Orthogonal Displacement,mm,0.06521015,13.2
2023-08-30 00:10:09,f_070_Aggegate,Orthogonal Displacement,mm,0.06811176,13.41
2023-08-30 00:20:09,f_070_Aggegate,Orthogonal Displacement,mm,0.06811176,13.2
2023-08-30 00:30:09,f_070_Aggegate,Orthogonal Displacement,mm,0.07055523,13.41
2023-08-30 00:40:09,f_070_Aggegate,Orthogonal Displacement,mm,0.07299868,13.2
2023-08-30 00:50:09,f_070_Aggegate,Orthogonal Displacement,mm,0.07422041,13.2
2023-08-30 01:00:09,f_070_Aggegate,Orthogonal Displacement,mm,0.07559486,13
2023-08-30 01:10:09,f_070_Aggegate,Orthogonal Displacement,mm,0.07696931,13
2023-08-30 01:20:09,f_070_Aggegate,Orthogonal Displacement,mm,0.07941277,13
2023-08-30 01:30:09,f_070_Aggegate,Orthogonal Displacement,mm,0.0815508,13
2023-08-30 01:40:09,f_070_Aggegate,Orthogonal Displacement,mm,0.08231438,12.8
2023-08-30 01:50:09,f_070_Aggegate,Orthogonal Displacement,mm,0.08536871,12.8
2023-08-30 02:00:09,f_070_Aggegate,Orthogonal Displacement,mm,0.0872013,12.59
2023-08-30 02:10:09,f_070_Aggegate,Orthogonal Displacement,mm,0.08872847,12.8
2023-08-30 02:20:09,f_070_Aggegate,Orthogonal Displacement,mm,0.09010291,12.8
2023-08-30 02:30:09,f_070_Aggegate,Orthogonal Displacement,mm,0.09025563,12.59
2023-08-30 02:40:09,f_070_Aggegate,Orthogonal Displacement,mm,0.09315724,12.59
2023-08-30 02:50:09,f_070_Aggegate,Orthogonal Displacement,mm,0.09163008,12.39
2023-08-30 03:00:09,f_070_Aggegate,Orthogonal Displacement,mm,0.09392082,12.59
2023-08-30 03:10:09,f_070_Aggegate,Orthogonal Displacement,mm,0.09346267,12.59
2023-08-30 03:20:09,f_070_Aggegate,Orthogonal Displacement,mm,0.09361539,12.59
2023-08-30 03:30:09,f_070_Aggegate,Orthogonal Displacement,mm,0.0946844,12.59
2023-08-30 03:40:09,f_070_Aggegate,Orthogonal Displacement,mm,0.09605885,12.59
2023-08-30 03:50:09,f_070_Aggegate,Orthogonal Displacement,mm,0.09697515,12.59
2023-08-30 04:00:09,f_070_Aggegate,Orthogonal Displacement,mm,0.09819688,12.59
2023-08-30 04:10:09,f_070_Aggegate,Orthogonal Displacement,mm,0.09850232,12.39
2023-08-30 04:20:09,f_070_Aggegate,Orthogonal Displacement,mm,0.1012512,12.39
2023-08-30 04:30:09,f_070_Aggegate,Orthogonal Displacement,mm,0.1014039,12.39
2023-08-30 04:40:09,f_070_Aggegate,Orthogonal Displacement,mm,0.1015566,12.39
2023-08-30 04:50:09,f_070_Aggegate,Orthogonal Displacement,mm,0.1023202,12.59
2023-08-30 05:00:09,f_070_Aggegate,Orthogonal Displacement,mm,0.1032365,12.39
2023-08-30 05:10:09,f_070_Aggegate,Orthogonal Displacement,mm,0.1038474,12.39
2023-08-30 05:20:09,f_070_Aggegate,Orthogonal Displacement,mm,0.1043055,12.59
2023-08-30 05:30:09,f_070_Aggegate,Orthogonal Displacement,mm,0.1047637,12.59
2023-08-30 05:40:09,f_070_Aggegate,Orthogonal Displacement,mm,0.1082762,12.59
2023-08-30 05:50:09,f_070_Aggegate,Orthogonal Displacement,mm,0.1091925,12.8
2023-08-30 06:00:09,f_070_Aggegate,Orthogonal Displacement,mm,0.1094979,12.8
2023-08-30 06:10:09,f_070_Aggegate,Orthogonal Displacement,mm,0.1116359,13.2
2023-08-30 06:20:09,f_070_Aggegate,Orthogonal Displacement,mm,0.1117886,13.2
2023-08-30 06:30:09,f_070_Aggegate,Orthogonal Displacement,mm,0.1146903,13.41
2023-08-30 06:40:09,f_070_Aggegate,Orthogonal Displacement,mm,0.1163701,13.81
2023-08-30 06:50:09,f_070_Aggegate,Orthogonal Displacement,mm,0.1174391,13.81
2023-08-30 07:00:09,f_070_Aggegate,Orthogonal Displacement,mm,0.1203408,14.22
2023-08-30 07:10:09,f_070_Aggegate,Orthogonal Displacement,mm,0.1229369,14.22
2023-08-30 07:20:09,f_070_Aggegate,Orthogonal Displacement,mm,0.1256858,14.63
2023-08-30 07:30:09,f_070_Aggegate,Orthogonal Displacement,mm,0.1290456,15.03
2023-08-30 07:40:09,f_070_Aggegate,Orthogonal Displacement,mm,0.1308782,15.24
2023-08-30 07:50:09,f_070_Aggegate,Orthogonal Displacement,mm,0.1324054,15.64
2023-08-30 08:00:09,f_070_Aggegate,Orthogonal Displacement,mm,0.1359178,16.05
2023-08-30 08:10:09,f_070_Aggegate,Orthogonal Displacement,mm,0.1380559,15.85
2023-08-30 08:20:09,f_070_Aggegate,Orthogonal Displacement,mm,0.1408048,16.25
2023-08-30 08:30:09,f_070_Aggegate,Orthogonal Displacement,mm,0.1429428,16.46
2023-08-30 08:40:09,f_070_Aggegate,Orthogonal Displacement,mm,0.1464553,16.66
2023-08-30 08:50:09,f_070_Aggegate,Orthogonal Displacement,mm,0.1493569,16.87
2023-08-30 09:00:09,f_070_Aggegate,Orthogonal Displacement,mm,0.1511895,17.07
2023-08-30 09:10:09,f_070_Aggegate,Orthogonal Displacement,mm,0.1534802,17.48
2023-08-30 09:20:09,f_070_Aggegate,Orthogonal Displacement,mm,0.1553128,17.68
2023-08-30 09:30:09,f_070_Aggegate,Orthogonal Displacement,mm,0.1566873,17.68
2023-08-30 09:40:09,f_070_Aggegate,Orthogonal Displacement,mm,0.1551601,17.68
2023-08-30 09:50:09,f_070_Aggegate,Orthogonal Displacement,mm,0.1556182,18.29
2023-08-30 10:00:09,f_070_Aggegate,Orthogonal Displacement,mm,0.1556182,18.9
2023-08-30 10:10:09,f_070_Aggegate,Orthogonal Displacement,mm,0.1521058,18.7
2023-08-30 10:20:09,f_070_Aggegate,Orthogonal Displacement,mm,0.1490514,19.92
2023-08-30 10:30:09,f_070_Aggegate,Orthogonal Displacement,mm,0.1475243,21.14
2023-08-30 10:40:09,f_070_Aggegate,Orthogonal Displacement,mm,0.1463025,22.16
2023-08-30 10:50:09,f_070_Aggegate,Orthogonal Displacement,mm,0.1504259,22.77
2023-08-30 11:00:09,f_070_Aggegate,Orthogonal Displacement,mm,0.08384152,23.38
2023-08-30 11:10:09,f_070_Aggegate,Orthogonal Displacement,mm,0.003817905,24.8
2023-08-30 11:20:09,f_070_Aggegate,Orthogonal Displacement,mm,-0.001069017,25.2
2023-08-30 11:30:09,f_070_Aggegate,Orthogonal Displacement,mm,-0.007330386,25.2
2023-08-30 11:40:09,f_070_Aggegate,Orthogonal Displacement,mm,-0.01007928,25.4
2023-08-30 11:50:09,f_070_Aggegate,Orthogonal Displacement,mm,-0.007483102,25.81
2023-08-30 12:00:09,f_070_Aggegate,Orthogonal Displacement,mm,0.7159543,25.2
2023-08-30 12:10:09,f_070_Aggegate,Orthogonal Displacement,mm,1.247026,25
2023-08-30 12:20:09,f_070_Aggegate,Orthogonal Displacement,mm,1.188998,24.6
2023-08-30 12:30:09,f_070_Aggegate,Orthogonal Displacement,mm,1.190527,24.6
2023-08-30 12:40:09,f_070_Aggegate,Orthogonal Displacement,mm,1.192514,23.99
2023-08-30 12:50:09,f_070_Aggegate,Orthogonal Displacement,mm,1.187321,23.38
2023-08-30 13:00:09,f_070_Aggegate,Orthogonal Displacement,mm,1.18106,23.17
2023-08-30 13:10:09,f_070_Aggegate,Orthogonal Displacement,mm,1.184879,23.38
2023-08-30 13:20:09,f_070_Aggegate,Orthogonal Displacement,mm,1.182589,23.58
2023-08-30 13:30:09,f_070_Aggegate,Orthogonal Displacement,mm,1.180757,23.58
2023-08-30 13:40:09,f_070_Aggegate,Orthogonal Displacement,mm,1.221685,23.38
2023-08-30 13:50:09,f_070_Aggegate,Orthogonal Displacement,mm,1.229021,22.77
2023-08-30 14:00:09,f_070_Aggegate,Orthogonal Displacement,mm,1.23055,22.77
2023-08-30 14:10:09,f_070_Aggegate,Orthogonal Displacement,mm,1.229023,22.56
2023-08-30 14:20:09,f_070_Aggegate,Orthogonal Displacement,mm,1.229788,23.38
2023-08-30 14:30:09,f_070_Aggegate,Orthogonal Displacement,mm,1.23544,24.39
2023-08-30 14:40:09,f_070_Aggegate,Orthogonal Displacement,mm,1.241093,24.8
2023-08-30 14:50:09,f_070_Aggegate,Orthogonal Displacement,mm,1.235138,26.42
2023-08-30 15:00:09,f_070_Aggegate,Orthogonal Displacement,mm,1.23071,26.62
2023-08-30 15:10:09,f_070_Aggegate,Orthogonal Displacement,mm,0.2302964,25.2
2023-08-30 15:20:09,f_070_Aggegate,Orthogonal Displacement,mm,0.2070835,24.39
2023-08-30 15:30:09,f_070_Aggegate,Orthogonal Displacement,mm,0.1879939,23.38
2023-08-30 15:40:09,f_070_Aggegate,Orthogonal Displacement,mm,0.1786782,22.97
2023-08-30 15:50:09,f_070_Aggegate,Orthogonal Displacement,mm,0.1773037,23.38
2023-08-30 16:00:09,f_070_Aggegate,Orthogonal Displacement,mm,0.1713478,24.6
2023-08-30 16:10:09,f_070_Aggegate,Orthogonal Displacement,mm,0.1608103,25
2023-08-30 16:20:09,f_070_Aggegate,Orthogonal Displacement,mm,0.1478294,22.97
2023-08-30 16:30:09,f_070_Aggegate,Orthogonal Displacement,mm,0.1432479,22.97
2023-08-30 16:40:09,f_070_Aggegate,Orthogonal Displacement,mm,0.1356121,22.36
2023-08-30 16:50:09,f_070_Aggegate,Orthogonal Displacement,mm,0.1278236,21.95
2023-08-30 17:00:09,f_070_Aggegate,Orthogonal Displacement,mm,0.1224785,21.55
2023-08-30 17:10:09,f_070_Aggegate,Orthogonal Displacement,mm,0.1149954,20.94
2023-08-30 17:20:09,f_070_Aggegate,Orthogonal Displacement,mm,0.1099558,20.94
2023-08-30 17:30:09,f_070_Aggegate,Orthogonal Displacement,mm,0.1078177,20.94
2023-08-30 17:40:09,f_070_Aggegate,Orthogonal Displacement,mm,0.1067487,20.94
2023-08-30 17:50:09,f_070_Aggegate,Orthogonal Displacement,mm,0.1027781,20.53
2023-08-30 18:00:09,f_070_Aggegate,Orthogonal Displacement,mm,0.09941833,19.92
2023-08-30 18:10:09,f_070_Aggegate,Orthogonal Displacement,mm,0.09392054,19.71
2023-08-30 18:20:09,f_070_Aggegate,Orthogonal Displacement,mm,0.09132436,19.1
2023-08-30 18:30:09,f_070_Aggegate,Orthogonal Displacement,mm,0.08765917,18.7
2023-08-30 18:40:09,f_070_Aggegate,Orthogonal Displacement,mm,0.08445212,18.29
2023-08-30 18:50:09,f_070_Aggegate,Orthogonal Displacement,mm,0.0813978,18.09
2023-08-30 19:00:09,f_070_Aggegate,Orthogonal Displacement,mm,0.07742717,17.88
2023-08-30 19:10:09,f_070_Aggegate,Orthogonal Displacement,mm,0.07590001,17.68
2023-08-30 19:20:09,f_070_Aggegate,Orthogonal Displacement,mm,0.07315112,17.68
2023-08-30 19:30:09,f_070_Aggegate,Orthogonal Displacement,mm,0.07269297,17.27
2023-08-30 19:40:09,f_070_Aggegate,Orthogonal Displacement,mm,0.07070766,16.87
2023-08-30 19:50:09,f_070_Aggegate,Orthogonal Displacement,mm,0.06963864,16.87
2023-08-30 20:00:09,f_070_Aggegate,Orthogonal Displacement,mm,0.06780604,16.87
2023-08-30 20:10:09,f_070_Aggegate,Orthogonal Displacement,mm,0.064599,17.07
2023-08-30 20:20:09,f_070_Aggegate,Orthogonal Displacement,mm,0.06398813,17.07
2023-08-30 20:30:09,f_070_Aggegate,Orthogonal Displacement,mm,0.06414085,17.07
2023-08-30 20:40:09,f_070_Aggegate,Orthogonal Displacement,mm,0.06123924,16.87
2023-08-30 20:50:09,f_070_Aggegate,Orthogonal Displacement,mm,0.05986479,17.07
2023-08-30 21:00:09,f_070_Aggegate,Orthogonal Displacement,mm,0.05894849,16.87
2023-08-30 21:10:09,f_070_Aggegate,Orthogonal Displacement,mm,0.05772677,16.87
2023-08-30 21:20:09,f_070_Aggegate,Orthogonal Displacement,mm,0.05681047,16.87
2023-08-30 21:30:09,f_070_Aggegate,Orthogonal Displacement,mm,0.05574145,16.87
2023-08-30 21:40:09,f_070_Aggegate,Orthogonal Displacement,mm,0.05482515,16.66
2023-08-30 21:50:09,f_070_Aggegate,Orthogonal Displacement,mm,0.05360343,16.66
2023-08-30 22:00:09,f_070_Aggegate,Orthogonal Displacement,mm,0.05268713,16.66
2023-08-30 22:10:09,f_070_Aggegate,Orthogonal Displacement,mm,0.05085453,16.25
2023-08-30 22:20:09,f_070_Aggegate,Orthogonal Displacement,mm,0.04749477,16.05
2023-08-30 22:30:09,f_070_Aggegate,Orthogonal Displacement,mm,0.04718934,16.05
2023-08-30 22:40:09,f_070_Aggegate,Orthogonal Displacement,mm,0.04474588,15.85
2023-08-30 22:50:09,f_070_Aggegate,Orthogonal Displacement,mm,0.04444044,15.85
2023-08-30 23:00:09,f_070_Aggegate,Orthogonal Displacement,mm,0.043066,15.85
2023-08-30 23:10:09,f_070_Aggegate,Orthogonal Displacement,mm,0.04199699,16.05
2023-08-30 23:20:09,f_070_Aggegate,Orthogonal Displacement,mm,0.04153883,16.25
2023-08-30 23:30:09,f_070_Aggegate,Orthogonal Displacement,mm,0.04108069,16.25
2023-08-30 23:40:09,f_070_Aggegate,Orthogonal Displacement,mm,0.04108069,16.05
2023-08-30 23:50:09,f_070_Aggegate,Orthogonal Displacement,mm,0.04092797,16.25
2023-08-31 00:00:09,f_070_Aggegate,Orthogonal Displacement,mm,0.03848451,16.05
2023-08-31 00:10:09,f_070_Aggegate,Orthogonal Displacement,mm,0.03817908,16.05
2023-08-31 00:20:09,f_070_Aggegate,Orthogonal Displacement,mm,0.03726278,16.05
2023-08-31 00:30:09,f_070_Aggegate,Orthogonal Displacement,mm,0.03726278,16.05
2023-08-31 00:40:09,f_070_Aggegate,Orthogonal Displacement,mm,0.0346666,16.05
2023-08-31 00:50:09,f_070_Aggegate,Orthogonal Displacement,mm,0.0346666,16.05
2023-08-31 01:00:09,f_070_Aggegate,Orthogonal Displacement,mm,0.03405574,16.25
2023-08-31 01:10:09,f_070_Aggegate,Orthogonal Displacement,mm,0.03207042,16.46
2023-08-31 01:20:09,f_070_Aggegate,Orthogonal Displacement,mm,0.03130684,16.46
2023-08-31 01:30:09,f_070_Aggegate,Orthogonal Displacement,mm,0.02947425,16.05
2023-08-31 01:40:09,f_070_Aggegate,Orthogonal Displacement,mm,0.02871067,15.85
2023-08-31 01:50:09,f_070_Aggegate,Orthogonal Displacement,mm,0.02855795,15.44
2023-08-31 02:00:09,f_070_Aggegate,Orthogonal Displacement,mm,0.0262672,15.85
2023-08-31 02:10:09,f_070_Aggegate,Orthogonal Displacement,mm,0.02443461,15.85
2023-08-31 02:20:09,f_070_Aggegate,Orthogonal Displacement,mm,0.02428189,16.05
2023-08-31 02:30:09,f_070_Aggegate,Orthogonal Displacement,mm,0.02443461,16.05
2023-08-31 02:40:09,f_070_Aggegate,Orthogonal Displacement,mm,0.02397646,16.25
2023-08-31 02:50:09,f_070_Aggegate,Orthogonal Displacement,mm,0.02382374,16.05
2023-08-31 03:00:09,f_070_Aggegate,Orthogonal Displacement,mm,0.02351831,16.46
2023-08-31 03:10:09,f_070_Aggegate,Orthogonal Displacement,mm,0.02306016,16.25
2023-08-31 03:20:09,f_070_Aggegate,Orthogonal Displacement,mm,0.02458732,16.46
2023-08-31 03:30:09,f_070_Aggegate,Orthogonal Displacement,mm,0.02428189,16.46
2023-08-31 03:40:09,f_070_Aggegate,Orthogonal Displacement,mm,0.02199115,16.46
2023-08-31 03:50:09,f_070_Aggegate,Orthogonal Displacement,mm,0.02183843,16.05
2023-08-31 04:00:09,f_070_Aggegate,Orthogonal Displacement,mm,0.02031127,16.05
2023-08-31 04:10:09,f_070_Aggegate,Orthogonal Displacement,mm,0.01985312,15.85
2023-08-31 04:20:09,f_070_Aggegate,Orthogonal Displacement,mm,0.0197004,15.85
2023-08-31 04:30:09,f_070_Aggegate,Orthogonal Displacement,mm,0.01863139,15.85
2023-08-31 04:40:09,f_070_Aggegate,Orthogonal Displacement,mm,0.01588249,15.64
2023-08-31 04:50:09,f_070_Aggegate,Orthogonal Displacement,mm,0.01527163,15.64
2023-08-31 05:00:09,f_070_Aggegate,Orthogonal Displacement,mm,0.01374447,15.64
2023-08-31 05:10:09,f_070_Aggegate,Orthogonal Displacement,mm,0.01084286,15.64
2023-08-31 05:20:09,f_070_Aggegate,Orthogonal Displacement,mm,0.009621126,15.64
2023-08-31 05:30:09,f_070_Aggegate,Orthogonal Displacement,mm,0.008857544,15.64
2023-08-31 05:40:09,f_070_Aggegate,Orthogonal Displacement,mm,0.008246678,15.85
2023-08-31 05:50:09,f_070_Aggegate,Orthogonal Displacement,mm,0.006566799,16.05
2023-08-31 06:00:09,f_070_Aggegate,Orthogonal Displacement,mm,0.006566799,16.05
2023-08-31 06:10:09,f_070_Aggegate,Orthogonal Displacement,mm,0.005650501,16.05
2023-08-31 06:20:09,f_070_Aggegate,Orthogonal Displacement,mm,0.005345068,16.25
2023-08-31 06:30:09,f_070_Aggegate,Orthogonal Displacement,mm,0.00488692,16.46
2023-08-31 06:40:09,f_070_Aggegate,Orthogonal Displacement,mm,0.005039636,16.46
2023-08-31 06:50:09,f_070_Aggegate,Orthogonal Displacement,mm,0.005345068,16.46
2023-08-31 07:00:09,f_070_Aggegate,Orthogonal Displacement,mm,0.005345068,16.66
2023-08-31 07:10:09,f_070_Aggegate,Orthogonal Displacement,mm,0.005345068,16.87
2023-08-31 07:20:09,f_070_Aggegate,Orthogonal Displacement,mm,0.005955934,16.87
2023-08-31 07:30:09,f_070_Aggegate,Orthogonal Displacement,mm,0.004581487,16.87
2023-08-31 07:40:09,f_070_Aggegate,Orthogonal Displacement,mm,0.00488692,16.87
2023-08-31 07:50:09,f_070_Aggegate,Orthogonal Displacement,mm,0.003512473,16.87
2023-08-31 08:00:09,f_070_Aggegate,Orthogonal Displacement,mm,0.004276054,16.87
2023-08-31 08:10:09,f_070_Aggegate,Orthogonal Displacement,mm,0.00442877,17.07
2023-08-31 08:20:09,f_070_Aggegate,Orthogonal Displacement,mm,0.00488692,17.07
2023-08-31 08:30:09,f_070_Aggegate,Orthogonal Displacement,mm,0.006261366,17.88
2023-08-31 08:40:09,f_070_Aggegate,Orthogonal Displacement,mm,0.9184988,18.29
2023-08-31 08:50:09,f_070_Aggegate,Orthogonal Displacement,mm,0.9583645,18.7
2023-08-31 09:00:09,f_070_Aggegate,Orthogonal Displacement,mm,0.9715008,18.7
2023-08-31 09:10:09,f_070_Aggegate,Orthogonal Displacement,mm,0.9799018,18.7
2023-08-31 09:20:09,f_070_Aggegate,Orthogonal Displacement,mm,0.9922739,18.9
2023-08-31 09:30:09,f_070_Aggegate,Orthogonal Displacement,mm,0.9959401,19.1
2023-08-31 09:40:09,f_070_Aggegate,Orthogonal Displacement,mm,1.001745,19.31
2023-08-31 09:50:09,f_070_Aggegate,Orthogonal Displacement,mm,1.004189,19.31
2023-08-31 10:00:09,f_070_Aggegate,Orthogonal Displacement,mm,1.00419,19.71
2023-08-31 10:10:09,f_070_Aggegate,Orthogonal Displacement,mm,1.008467,19.92
2023-08-31 10:20:09,f_070_Aggegate,Orthogonal Displacement,mm,1.012438,19.92
2023-08-31 10:30:09,f_070_Aggegate,Orthogonal Displacement,mm,1.018854,20.32
2023-08-31 10:40:09,f_070_Aggegate,Orthogonal Displacement,mm,1.015952,20.53
2023-08-31 10:50:09,f_070_Aggegate,Orthogonal Displacement,mm,1.016105,20.32
2023-08-31 11:00:09,f_070_Aggegate,Orthogonal Displacement,mm,1.019313,20.32
2023-08-31 11:10:09,f_070_Aggegate,Orthogonal Displacement,mm,1.018855,20.73
2023-08-31 11:20:09,f_070_Aggegate,Orthogonal Displacement,mm,1.022063,21.34
2023-08-31 11:30:09,f_070_Aggegate,Orthogonal Displacement,mm,1.023897,21.55
2023-08-31 11:40:09,f_070_Aggegate,Orthogonal Displacement,mm,1.023286,21.55
2023-08-31 11:50:09,f_070_Aggegate,Orthogonal Displacement,mm,1.026035,21.75
2023-08-31 12:00:09,f_070_Aggegate,Orthogonal Displacement,mm,1.029244,21.55
2023-08-31 12:10:09,f_070_Aggegate,Orthogonal Displacement,mm,1.237271,22.56
2023-08-31 12:20:09,f_070_Aggegate,Orthogonal Displacement,mm,1.235286,22.77
2023-08-31 12:30:09,f_070_Aggegate,Orthogonal Displacement,mm,1.234522,23.17
2023-08-31 12:40:09,f_070_Aggegate,Orthogonal Displacement,mm,1.233608,23.58
2023-08-31 12:50:09,f_070_Aggegate,Orthogonal Displacement,mm,1.23315,23.78
2023-08-31 13:00:09,f_070_Aggegate,Orthogonal Displacement,mm,1.228721,24.19
2023-08-31 13:10:09,f_070_Aggegate,Orthogonal Displacement,mm,1.223987,23.58
2023-08-31 13:20:09,f_070_Aggegate,Orthogonal Displacement,mm,1.221239,23.78
2023-08-31 13:30:09,f_070_Aggegate,Orthogonal Displacement,mm,1.223684,25
2023-08-31 13:40:09,f_070_Aggegate,Orthogonal Displacement,mm,1.219561,24.6
2023-08-31 13:50:09,f_070_Aggegate,Orthogonal Displacement,mm,1.218645,24.6
2023-08-31 14:00:09,f_070_Aggegate,Orthogonal Displacement,mm,1.22002,24.6
2023-08-31 14:10:09,f_070_Aggegate,Orthogonal Displacement,mm,1.074601,24.6
2023-08-31 14:20:09,f_070_Aggegate,Orthogonal Displacement,mm,2.065752,25.61
2023-08-31 14:30:09,f_070_Aggegate,Orthogonal Displacement,mm,2.084385,26.62
2023-08-31 14:40:09,f_070_Aggegate,Orthogonal Displacement,mm,2.093243,27.03
2023-08-31 14:50:09,f_070_Aggegate,Orthogonal Displacement,mm,2.101644,27.03
2023-08-31 15:00:09,f_070_Aggegate,Orthogonal Displacement,mm,2.116154,26.01
2023-08-31 15:10:09,f_070_Aggegate,Orthogonal Displacement,mm,2.132038,25.4
2023-08-31 15:20:09,f_070_Aggegate,Orthogonal Displacement,mm,2.134329,25.4
2023-08-31 15:30:09,f_070_Aggegate,Orthogonal Displacement,mm,2.133871,25.61
2023-08-31 15:40:09,f_070_Aggegate,Orthogonal Displacement,mm,2.139369,25.2
2023-08-31 15:50:09,f_070_Aggegate,Orthogonal Displacement,mm,2.139827,25.2
2023-08-31 16:00:09,f_070_Aggegate,Orthogonal Displacement,mm,2.13998,24.6
2023-08-31 16:10:09,f_070_Aggegate,Orthogonal Displacement,mm,2.145325,24.8
2023-08-31 16:20:09,f_070_Aggegate,Orthogonal Displacement,mm,2.146547,24.6
2023-08-31 16:30:09,f_070_Aggegate,Orthogonal Displacement,mm,2.149602,25.2
2023-08-31 16:40:09,f_070_Aggegate,Orthogonal Displacement,mm,0.2264785,24.6
2023-08-31 16:50:09,f_070_Aggegate,Orthogonal Displacement,mm,0.1899793,23.78
2023-08-31 17:00:09,f_070_Aggegate,Orthogonal Displacement,mm,0.171806,23.38
2023-08-31 17:10:09,f_070_Aggegate,Orthogonal Displacement,mm,0.160505,22.77
2023-08-31 17:20:09,f_070_Aggegate,Orthogonal Displacement,mm,0.1539381,22.56
2023-08-31 17:30:09,f_070_Aggegate,Orthogonal Displacement,mm,0.1414154,22.36
2023-08-31 17:40:09,f_070_Aggegate,Orthogonal Displacement,mm,0.1343904,21.75
2023-08-31 17:50:09,f_070_Aggegate,Orthogonal Displacement,mm,0.1281291,21.55
2023-08-31 18:00:09,f_070_Aggegate,Orthogonal Displacement,mm,0.1230894,21.14
2023-08-31 18:10:09,f_070_Aggegate,Orthogonal Displacement,mm,0.1172862,20.94
2023-08-31 18:20:09,f_070_Aggegate,Orthogonal Displacement,mm,0.1116357,20.53
2023-08-31 18:30:09,f_070_Aggegate,Orthogonal Displacement,mm,0.1072069,20.53
2023-08-31 18:40:09,f_070_Aggegate,Orthogonal Displacement,mm,0.1046107,20.53
2023-08-31 18:50:09,f_070_Aggegate,Orthogonal Displacement,mm,0.1015564,20.32
2023-08-31 19:00:09,f_070_Aggegate,Orthogonal Displacement,mm,0.09651674,20.32
2023-08-31 19:10:09,f_070_Aggegate,Orthogonal Displacement,mm,0.09269883,19.92
2023-08-31 19:20:09,f_070_Aggegate,Orthogonal Displacement,mm,0.0905608,19.92
2023-08-31 19:30:09,f_070_Aggegate,Orthogonal Displacement,mm,0.08750648,20.32
2023-08-31 19:40:09,f_070_Aggegate,Orthogonal Displacement,mm,0.08521573,19.92
2023-08-31 19:50:09,f_070_Aggegate,Orthogonal Displacement,mm,0.08429943,19.92
2023-08-31 20:00:09,f_070_Aggegate,Orthogonal Displacement,mm,0.08093967,19.92
2023-08-31 20:10:09,f_070_Aggegate,Orthogonal Displacement,mm,0.08048152,19.92
2023-08-31 20:20:09,f_070_Aggegate,Orthogonal Displacement,mm,0.07696904,19.71
2023-08-31 20:30:09,f_070_Aggegate,Orthogonal Displacement,mm,0.07696904,19.71
2023-08-31 20:40:09,f_070_Aggegate,Orthogonal Displacement,mm,0.07269298,19.51
2023-08-31 20:50:09,f_070_Aggegate,Orthogonal Displacement,mm,0.07055496,19.71
2023-08-31 21:00:09,f_070_Aggegate,Orthogonal Displacement,mm,0.07055496,19.71
2023-08-31 21:10:09,f_070_Aggegate,Orthogonal Displacement,mm,0.06856965,19.31
2023-08-31 21:20:09,f_070_Aggegate,Orthogonal Displacement,mm,0.06658433,19.31
2023-08-31 21:30:09,f_070_Aggegate,Orthogonal Displacement,mm,0.06459901,19.31
2023-08-31 21:40:09,f_070_Aggegate,Orthogonal Displacement,mm,0.06307185,19.1
2023-08-31 21:50:09,f_070_Aggegate,Orthogonal Displacement,mm,0.05971209,18.9
2023-08-31 22:00:09,f_070_Aggegate,Orthogonal Displacement,mm,0.05894851,19.1
2023-08-31 22:10:09,f_070_Aggegate,Orthogonal Displacement,mm,0.05742135,19.31
2023-08-31 22:20:09,f_070_Aggegate,Orthogonal Displacement,mm,0.0551306,19.31
2023-08-31 22:30:09,f_070_Aggegate,Orthogonal Displacement,mm,0.05482517,19.1
2023-08-31 22:40:09,f_070_Aggegate,Orthogonal Displacement,mm,0.05299257,19.1
2023-08-31 22:50:09,f_070_Aggegate,Orthogonal Displacement,mm,0.05314529,19.31
2023-08-31 23:00:09,f_070_Aggegate,Orthogonal Displacement,mm,0.05100726,19.31
2023-08-31 23:10:09,f_070_Aggegate,Orthogonal Displacement,mm,0.04932738,19.1
2023-08-31 23:20:09,f_070_Aggegate,Orthogonal Displacement,mm,0.04886923,19.1
2023-08-31 23:30:09,f_070_Aggegate,Orthogonal Displacement,mm,0.04566219,19.1
2023-08-31 23:40:09,f_070_Aggegate,Orthogonal Displacement,mm,0.04612033,19.1
2023-08-31 23:50:09,f_070_Aggegate,Orthogonal Displacement,mm,0.04459317,18.7
2023-09-01 00:00:09,f_070_Aggegate,Orthogonal Displacement,mm,0.04321872,18.9
2023-09-01 00:10:09,f_070_Aggegate,Orthogonal Displacement,mm,0.04291329,18.7
2023-09-01 00:20:09,f_070_Aggegate,Orthogonal Displacement,mm,0.04214971,18.7
2023-09-01 00:30:09,f_070_Aggegate,Orthogonal Displacement,mm,0.04077526,18.7
2023-09-01 00:40:09,f_070_Aggegate,Orthogonal Displacement,mm,0.04062255,18.7
2023-09-01 00:50:09,f_070_Aggegate,Orthogonal Displacement,mm,0.03848452,18.29
2023-09-01 01:00:09,f_070_Aggegate,Orthogonal Displacement,mm,0.03405574,17.88
2023-09-01 01:10:09,f_070_Aggegate,Orthogonal Displacement,mm,0.03145956,17.27
2023-09-01 01:20:09,f_070_Aggegate,Orthogonal Displacement,mm,0.02947425,17.07
2023-09-01 01:30:09,f_070_Aggegate,Orthogonal Displacement,mm,0.02855795,16.87
2023-09-01 01:40:09,f_070_Aggegate,Orthogonal Displacement,mm,0.02641992,17.07
2023-09-01 01:50:09,f_070_Aggegate,Orthogonal Displacement,mm,0.02596178,17.07
2023-09-01 02:00:09,f_070_Aggegate,Orthogonal Displacement,mm,0.02428189,16.87
2023-09-01 02:10:09,f_070_Aggegate,Orthogonal Displacement,mm,0.02290745,17.27
2023-09-01 02:20:09,f_070_Aggegate,Orthogonal Displacement,mm,0.02138028,16.87
2023-09-01 02:30:09,f_070_Aggegate,Orthogonal Displacement,mm,0.02076942,16.66
2023-09-01 02:40:09,f_070_Aggegate,Orthogonal Displacement,mm,0.01924226,16.46
2023-09-01 02:50:09,f_070_Aggegate,Orthogonal Displacement,mm,0.01786781,16.46
2023-09-01 03:00:09,f_070_Aggegate,Orthogonal Displacement,mm,0.01527163,16.46
2023-09-01 03:10:09,f_070_Aggegate,Orthogonal Displacement,mm,0.01450805,16.25
2023-09-01 03:20:09,f_070_Aggegate,Orthogonal Displacement,mm,0.01374447,16.25
2023-09-01 03:30:09,f_070_Aggegate,Orthogonal Displacement,mm,0.01298089,16.25
2023-09-01 03:40:09,f_070_Aggegate,Orthogonal Displacement,mm,0.01206459,16.46
2023-09-01 03:50:09,f_070_Aggegate,Orthogonal Displacement,mm,0.01038471,16.46
2023-09-01 04:00:09,f_070_Aggegate,Orthogonal Displacement,mm,0.009773843,16.46
2023-09-01 04:10:09,f_070_Aggegate,Orthogonal Displacement,mm,0.008552112,16.66
2023-09-01 04:20:09,f_070_Aggegate,Orthogonal Displacement,mm,0.008857545,16.87
2023-09-01 04:30:09,f_070_Aggegate,Orthogonal Displacement,mm,0.008552112,16.87
2023-09-01 04:40:09,f_070_Aggegate,Orthogonal Displacement,mm,0.006872232,16.66
2023-09-01 04:50:09,f_070_Aggegate,Orthogonal Displacement,mm,0.004581487,16.66
2023-09-01 05:00:09,f_070_Aggegate,Orthogonal Displacement,mm,0.005192352,16.25
2023-09-01 05:10:09,f_070_Aggegate,Orthogonal Displacement,mm,0.004428771,16.46
2023-09-01 05:20:09,f_070_Aggegate,Orthogonal Displacement,mm,0.004123338,16.25
2023-09-01 05:30:09,f_070_Aggegate,Orthogonal Displacement,mm,0.003512473,16.05
2023-09-01 05:40:09,f_070_Aggegate,Orthogonal Displacement,mm,0.003054324,16.05
2023-09-01 05:50:09,f_070_Aggegate,Orthogonal Displacement,mm,0.002596175,16.05
2023-09-01 06:00:09,f_070_Aggegate,Orthogonal Displacement,mm,0.002443459,16.05
2023-09-01 06:10:09,f_070_Aggegate,Orthogonal Displacement,mm,0.001832593,16.05
2023-09-01 06:20:09,f_070_Aggegate,Orthogonal Displacement,mm,0.001527161,16.05
2023-09-01 06:30:09,f_070_Aggegate,Orthogonal Displacement,mm,0.001832593,16.05
2023-09-01 06:40:09,f_070_Aggegate,Orthogonal Displacement,mm,0.00030543,16.25
2023-09-01 06:50:09,f_070_Aggegate,Orthogonal Displacement,mm,-0.001069017,16.46
2023-09-01 07:00:09,f_070_Aggegate,Orthogonal Displacement,mm,-0.000152719,16.66
2023-09-01 07:10:09,f_070_Aggegate,Orthogonal Displacement,mm,0.001221728,17.27
2023-09-01 07:20:09,f_070_Aggegate,Orthogonal Displacement,mm,-0.000152719,17.27
2023-09-01 07:30:09,f_070_Aggegate,Orthogonal Displacement,mm,0.001374444,17.48
2023-09-01 07:40:09,f_070_Aggegate,Orthogonal Displacement,mm,0.001069012,18.09
2023-09-01 07:50:09,f_070_Aggegate,Orthogonal Displacement,mm,0.001374444,18.49
2023-09-01 08:00:09,f_070_Aggegate,Orthogonal Displacement,mm,0.001221728,18.7
2023-09-01 08:10:09,f_070_Aggegate,Orthogonal Displacement,mm,1.654743,19.1
2023-09-01 08:20:09,f_070_Aggegate,Orthogonal Displacement,mm,1.711866,19.51
2023-09-01 08:30:09,f_070_Aggegate,Orthogonal Displacement,mm,1.734317,20.12
2023-09-01 08:40:09,f_070_Aggegate,Orthogonal Displacement,mm,1.753104,20.32
2023-09-01 08:50:09,f_070_Aggegate,Orthogonal Displacement,mm,1.766239,20.94
2023-09-01 09:00:09,f_070_Aggegate,Orthogonal Displacement,mm,1.782123,21.34
2023-09-01 09:10:09,f_070_Aggegate,Orthogonal Displacement,mm,1.788232,21.34
2023-09-01 09:20:09,f_070_Aggegate,Orthogonal Displacement,mm,1.803353,21.75
2023-09-01 09:30:09,f_070_Aggegate,Orthogonal Displacement,mm,1.80992,21.75
2023-09-01 09:40:09,f_070_Aggegate,Orthogonal Displacement,mm,1.818779,22.36
2023-09-01 09:50:09,f_070_Aggegate,Orthogonal Displacement,mm,1.830998,22.56
2023-09-01 10:00:09,f_070_Aggegate,Orthogonal Displacement,mm,1.834205,22.56
2023-09-01 10:10:09,f_070_Aggegate,Orthogonal Displacement,mm,1.835885,23.58
2023-09-01 10:20:09,f_070_Aggegate,Orthogonal Displacement,mm,1.838328,24.19
2023-09-01 10:30:09,f_070_Aggegate,Orthogonal Displacement,mm,1.853296,24.6
2023-09-01 10:40:09,f_070_Aggegate,Orthogonal Displacement,mm,1.862918,25
2023-09-01 10:50:09,f_070_Aggegate,Orthogonal Displacement,mm,1.87529,25.2
2023-09-01 11:00:09,f_070_Aggegate,Orthogonal Displacement,mm,1.883996,25.81
2023-09-01 11:10:09,f_070_Aggegate,Orthogonal Displacement,mm,-0.5080898,26.01
2023-09-01 11:20:09,f_070_Aggegate,Orthogonal Displacement,mm,-0.4407418,25.61
2023-09-01 11:30:09,f_070_Aggegate,Orthogonal Displacement,mm,-0.4415054,24.8
2023-09-01 11:40:09,f_070_Aggegate,Orthogonal Displacement,mm,-0.4439489,24.19
2023-09-01 11:50:09,f_070_Aggegate,Orthogonal Displacement,mm,-0.4437962,23.78
2023-09-01 12:00:09,f_070_Aggegate,Orthogonal Displacement,mm,-0.4456288,23.38
2023-09-01 12:10:09,f_070_Aggegate,Orthogonal Displacement,mm,-0.4476141,23.38
2023-09-01 12:20:09,f_070_Aggegate,Orthogonal Displacement,mm,-0.449294,22.77
2023-09-01 12:30:09,f_070_Aggegate,Orthogonal Displacement,mm,-0.4503631,22.77
2023-09-01 12:40:09,f_070_Aggegate,Orthogonal Displacement,mm,-0.4528065,22.77
2023-09-01 12:50:09,f_070_Aggegate,Orthogonal Displacement,mm,-0.4540282,22.56
2023-09-01 13:00:09,f_070_Aggegate,Orthogonal Displacement,mm,-0.4547918,22.77
2023-09-01 13:10:09,f_070_Aggegate,Orthogonal Displacement,mm,-0.4550973,22.56
2023-09-01 13:20:09,f_070_Aggegate,Orthogonal Displacement,mm,-0.4554027,22.56
2023-09-01 13:30:09,f_070_Aggegate,Orthogonal Displacement,mm,-0.4555554,22.36
2023-09-01 13:40:09,f_070_Aggegate,Orthogonal Displacement,mm,-0.4569299,22.36
2023-09-01 13:50:09,f_070_Aggegate,Orthogonal Displacement,mm,-0.4569299,22.36
2023-09-01 14:00:09,f_070_Aggegate,Orthogonal Displacement,mm,-0.4576935,22.56
2023-09-01 14:10:09,f_070_Aggegate,Orthogonal Displacement,mm,-0.4566244,22.36
2023-09-01 14:20:09,f_070_Aggegate,Orthogonal Displacement,mm,-0.4579989,22.16
2023-09-01 14:30:09,f_070_Aggegate,Orthogonal Displacement,mm,-0.457388,22.56
2023-09-01 14:40:09,f_070_Aggegate,Orthogonal Displacement,mm,-0.4578462,22.36
2023-09-01 14:50:09,f_070_Aggegate,Orthogonal Displacement,mm,-0.4581516,22.36
2023-09-01 15:00:09,f_070_Aggegate,Orthogonal Displacement,mm,-0.4584571,22.36
2023-09-01 15:10:09,f_070_Aggegate,Orthogonal Displacement,mm,-0.4589152,22.36
2023-09-01 15:20:09,f_070_Aggegate,Orthogonal Displacement,mm,-0.4587625,22.56
2023-09-01 15:30:09,f_070_Aggegate,Orthogonal Displacement,mm,-0.4595261,22.56
2023-09-01 15:40:09,f_070_Aggegate,Orthogonal Displacement,mm,-0.4590679,22.56
2023-09-01 15:50:09,f_070_Aggegate,Orthogonal Displacement,mm,-0.4598315,22.36
2023-09-01 16:00:09,f_070_Aggegate,Orthogonal Displacement,mm,-0.4599842,22.36
2023-09-01 16:10:09,f_070_Aggegate,Orthogonal Displacement,mm,-0.4599842,22.56
2023-09-01 16:20:09,f_070_Aggegate,Orthogonal Displacement,mm,-0.4605951,22.56
2023-09-01 16:30:09,f_070_Aggegate,Orthogonal Displacement,mm,-0.4599843,22.36
2023-09-01 16:40:09,f_070_Aggegate,Orthogonal Displacement,mm,-0.4592207,22.36
2023-09-01 16:50:09,f_070_Aggegate,Orthogonal Displacement,mm,-0.4604425,22.56
2023-09-01 17:00:09,f_070_Aggegate,Orthogonal Displacement,mm,-0.4607479,22.56
2023-09-01 17:10:09,f_070_Aggegate,Orthogonal Displacement,mm,-0.4618169,22.36
2023-09-01 17:20:09,f_070_Aggegate,Orthogonal Displacement,mm,-0.4621224,22.56
2023-09-01 17:30:09,f_070_Aggegate,Orthogonal Displacement,mm,-0.4615115,22.36
2023-09-01 17:40:09,f_070_Aggegate,Orthogonal Displacement,mm,-0.4621224,22.36
2023-09-01 17:50:09,f_070_Aggegate,Orthogonal Displacement,mm,-0.4634968,22.36
2023-09-01 18:00:09,f_070_Aggegate,Orthogonal Displacement,mm,-0.4631914,22.56
2023-09-01 18:10:09,f_070_Aggegate,Orthogonal Displacement,mm,-0.4647186,22.36
2023-09-01 18:20:09,f_070_Aggegate,Orthogonal Displacement,mm,-0.4654822,22.16
2023-09-01 18:30:09,f_070_Aggegate,Orthogonal Displacement,mm,-0.4659404,22.36
2023-09-01 18:40:09,f_070_Aggegate,Orthogonal Displacement,mm,-0.4683839,22.16
2023-09-01 18:50:09,f_070_Aggegate,Orthogonal Displacement,mm,-0.467773,22.36
2023-09-01 19:00:09,f_070_Aggegate,Orthogonal Displacement,mm,-0.4689947,21.95
2023-09-01 19:10:09,f_070_Aggegate,Orthogonal Displacement,mm,-0.4682312,22.36
2023-09-01 19:20:09,f_070_Aggegate,Orthogonal Displacement,mm,-0.4691475,22.16
2023-09-01 19:30:09,f_070_Aggegate,Orthogonal Displacement,mm,-0.4696057,22.36
2023-09-01 19:40:09,f_070_Aggegate,Orthogonal Displacement,mm,-0.4702165,22.16
2023-09-01 19:50:09,f_070_Aggegate,Orthogonal Displacement,mm,-0.4696057,22.16
2023-09-01 20:00:09,f_070_Aggegate,Orthogonal Displacement,mm,-0.4706747,22.36
2023-09-01 20:10:09,f_070_Aggegate,Orthogonal Displacement,mm,-0.4709801,22.16
2023-09-01 20:20:09,f_070_Aggegate,Orthogonal Displacement,mm,-0.4703692,22.16
2023-09-01 20:30:09,f_070_Aggegate,Orthogonal Displacement,mm,-0.4718964,22.16
2023-09-01 20:40:09,f_070_Aggegate,Orthogonal Displacement,mm,-0.4722019,22.16
2023-09-01 20:50:09,f_070_Aggegate,Orthogonal Displacement,mm,-0.4723546,22.36
2023-09-01 21:00:09,f_070_Aggegate,Orthogonal Displacement,mm,-0.4731182,22.56
2023-09-01 21:10:09,f_070_Aggegate,Orthogonal Displacement,mm,-0.4735764,22.36
2023-09-01 21:20:09,f_070_Aggegate,Orthogonal Displacement,mm,-0.4732709,22.36
2023-09-01 21:30:09,f_070_Aggegate,Orthogonal Displacement,mm,-0.4740345,22.16
2023-09-01 21:40:09,f_070_Aggegate,Orthogonal Displacement,mm,-0.4744927,22.16
2023-09-01 21:50:09,f_070_Aggegate,Orthogonal Displacement,mm,-0.4743399,22.16
2023-09-01 22:00:09,f_070_Aggegate,Orthogonal Displacement,mm,-0.4740345,22.36
2023-09-01 22:10:09,f_070_Aggegate,Orthogonal Displacement,mm,-0.4744927,22.16
2023-09-01 22:20:09,f_070_Aggegate,Orthogonal Displacement,mm,-0.475409,22.36
2023-09-01 22:30:09,f_070_Aggegate,Orthogonal Displacement,mm,-0.4758671,22.16
2023-09-01 22:40:09,f_070_Aggegate,Orthogonal Displacement,mm,-0.4749508,22.16
2023-09-01 22:50:09,f_070_Aggegate,Orthogonal Displacement,mm,-0.4751035,22.16
2023-09-01 23:00:09,f_070_Aggegate,Orthogonal Displacement,mm,-0.4749508,22.36
2023-09-01 23:10:09,f_070_Aggegate,Orthogonal Displacement,mm,-0.4763253,21.95
2023-09-01 23:20:09,f_070_Aggegate,Orthogonal Displacement,mm,-0.4755617,22.36
2023-09-01 23:30:09,f_070_Aggegate,Orthogonal Displacement,mm,-0.4761726,22.36
2023-09-01 23:40:09,f_070_Aggegate,Orthogonal Displacement,mm,-0.4760198,22.16
2023-09-01 23:50:09,f_070_Aggegate,Orthogonal Displacement,mm,-0.4769361,22.16
2023-09-02 00:00:09,f_070_Aggegate,Orthogonal Displacement,mm,-0.476478,22.16
2023-09-02 00:10:09,f_070_Aggegate,Orthogonal Displacement,mm,-0.4769361,22.36
2023-09-02 00:20:09,f_070_Aggegate,Orthogonal Displacement,mm,-0.4780052,22.36
2023-09-02 00:30:09,f_070_Aggegate,Orthogonal Displacement,mm,-0.4778524,22.36
2023-09-02 00:40:09,f_070_Aggegate,Orthogonal Displacement,mm,-0.478616,22.16
2023-09-02 00:50:09,f_070_Aggegate,Orthogonal Displacement,mm,-0.4778524,22.36
2023-09-02 01:00:09,f_070_Aggegate,Orthogonal Displacement,mm,-0.4781579,22.36
2023-09-02 01:10:09,f_070_Aggegate,Orthogonal Displacement,mm,-0.4772416,22.36
2023-09-02 01:20:09,f_070_Aggegate,Orthogonal Displacement,mm,-0.4780052,22.16
2023-09-02 01:30:09,f_070_Aggegate,Orthogonal Displacement,mm,-0.4767834,22.16
2023-09-02 01:40:09,f_070_Aggegate,Orthogonal Displacement,mm,-0.4773943,22.16
2023-09-02 01:50:09,f_070_Aggegate,Orthogonal Displacement,mm,-0.4783106,22.36
2023-09-02 02:00:09,f_070_Aggegate,Orthogonal Displacement,mm,-0.4773943,22.36
2023-09-02 02:10:09,f_070_Aggegate,Orthogonal Displacement,mm,-0.4784633,21.95
2023-09-02 02:20:09,f_070_Aggegate,Orthogonal Displacement,mm,-0.4781579,22.36
2023-09-02 02:30:09,f_070_Aggegate,Orthogonal Displacement,mm,-0.4784633,22.36
2023-09-02 02:40:09,f_070_Aggegate,Orthogonal Displacement,mm,-0.4789215,22.36
2023-09-02 02:50:09,f_070_Aggegate,Orthogonal Displacement,mm,-0.4787688,22.36
2023-09-02 03:00:09,f_070_Aggegate,Orthogonal Displacement,mm,-0.4787688,22.16
2023-09-02 03:10:09,f_070_Aggegate,Orthogonal Displacement,mm,-0.4793796,22.36
2023-09-02 03:20:09,f_070_Aggegate,Orthogonal Displacement,mm,-0.4790742,21.95
2023-09-02 03:30:09,f_070_Aggegate,Orthogonal Displacement,mm,-0.4787688,22.36
2023-09-02 03:40:09,f_070_Aggegate,Orthogonal Displacement,mm,-0.4790742,22.16
2023-09-02 03:50:09,f_070_Aggegate,Orthogonal Displacement,mm,-0.4792269,22.16
2023-09-02 04:00:09,f_070_Aggegate,Orthogonal Displacement,mm,-0.4795324,22.36
2023-09-02 04:10:09,f_070_Aggegate,Orthogonal Displacement,mm,-0.4787688,22.36
2023-09-02 04:20:09,f_070_Aggegate,Orthogonal Displacement,mm,-0.4801432,22.36
2023-09-02 04:30:09,f_070_Aggegate,Orthogonal Displacement,mm,-0.4798378,22.56
2023-09-02 04:40:09,f_070_Aggegate,Orthogonal Displacement,mm,-0.4798378,22.56
2023-09-02 04:50:09,f_070_Aggegate,Orthogonal Displacement,mm,-0.4796851,22.36
2023-09-02 05:00:09,f_070_Aggegate,Orthogonal Displacement,mm,-0.4798378,22.36
2023-09-02 05:10:09,f_070_Aggegate,Orthogonal Displacement,mm,-0.480296,22.36
2023-09-02 05:20:09,f_070_Aggegate,Orthogonal Displacement,mm,-0.4796851,22.16
2023-09-02 05:30:09,f_070_Aggegate,Orthogonal Displacement,mm,-0.4790742,22.16
2023-09-02 05:40:09,f_070_Aggegate,Orthogonal Displacement,mm,-0.4798378,22.36
2023-09-02 05:50:09,f_070_Aggegate,Orthogonal Displacement,mm,-0.4798378,21.95
2023-09-02 06:00:09,f_070_Aggegate,Orthogonal Displacement,mm,-0.4796851,22.16
2023-09-02 06:10:09,f_070_Aggegate,Orthogonal Displacement,mm,-0.4799905,22.16
2023-09-02 06:20:09,f_070_Aggegate,Orthogonal Displacement,mm,-0.4793797,22.16
2023-09-02 06:30:09,f_070_Aggegate,Orthogonal Displacement,mm,-0.4795324,22.16
2023-09-02 06:40:09,f_070_Aggegate,Orthogonal Displacement,mm,-0.4801433,22.16
2023-09-02 06:50:09,f_070_Aggegate,Orthogonal Displacement,mm,-0.4798378,22.16
2023-09-02 07:00:09,f_070_Aggegate,Orthogonal Displacement,mm,-0.483503,22.16
2023-09-02 07:10:09,f_070_Aggegate,Orthogonal Displacement,mm,-0.4857939,21.95
2023-09-02 07:20:09,f_070_Aggegate,Orthogonal Displacement,mm,-0.4986221,21.75
2023-09-02 07:30:09,f_070_Aggegate,Orthogonal Displacement,mm,-0.501371,21.55
2023-09-02 07:40:09,f_070_Aggegate,Orthogonal Displacement,mm,-0.5015237,21.75
2023-09-02 07:50:09,f_070_Aggegate,Orthogonal Displacement,mm,-0.5018291,21.95
2023-09-02 08:00:09,f_070_Aggegate,Orthogonal Displacement,mm,-0.5001493,21.95
2023-09-02 08:10:09,f_070_Aggegate,Orthogonal Displacement,mm,-0.5010656,22.16
2023-09-02 08:20:09,f_070_Aggegate,Orthogonal Displacement,mm,-0.5028982,21.95
2023-09-02 08:30:09,f_070_Aggegate,Orthogonal Displacement,mm,-0.5030509,21.95
2023-09-02 08:40:09,f_070_Aggegate,Orthogonal Displacement,mm,-0.4984694,21.95
2023-09-02 08:50:09,f_070_Aggegate,Orthogonal Displacement,mm,-0.4996911,22.16
2023-09-02 09:00:09,f_070_Aggegate,Orthogonal Displacement,mm,-0.5004547,22.36
2023-09-02 09:10:09,f_070_Aggegate,Orthogonal Displacement,mm,-0.4987749,22.16
2023-09-02 09:20:09,f_070_Aggegate,Orthogonal Displacement,mm,-0.500302,22.16
2023-09-02 09:30:09,f_070_Aggegate,Orthogonal Displacement,mm,-0.5009129,22.16
2023-09-02 09:40:09,f_070_Aggegate,Orthogonal Displacement,mm,-0.5015237,22.36
2023-09-02 09:50:09,f_070_Aggegate,Orthogonal Displacement,mm,-0.5019819,22.16
2023-09-02 10:00:09,f_070_Aggegate,Orthogonal Displacement,mm,-0.5022873,22.16
2023-09-02 10:10:09,f_070_Aggegate,Orthogonal Displacement,mm,-0.5032036,22.36
2023-09-02 10:20:09,f_070_Aggegate,Orthogonal Displacement,mm,-0.5030509,22.36
2023-09-02 10:30:09,f_070_Aggegate,Orthogonal Displacement,mm,-0.5036618,22.36
2023-09-02 10:40:09,f_070_Aggegate,Orthogonal Displacement,mm,-0.5047308,22.16
2023-09-02 10:50:09,f_070_Aggegate,Orthogonal Displacement,mm,-0.5048835,22.36
2023-09-02 11:00:09,f_070_Aggegate,Orthogonal Displacement,mm,-0.5059525,22.36
2023-09-02 11:10:09,f_070_Aggegate,Orthogonal Displacement,mm,-0.5068688,22.36
2023-09-02 11:20:09,f_070_Aggegate,Orthogonal Displacement,mm,-0.5064107,22.56
2023-09-02 11:30:09,f_070_Aggegate,Orthogonal Displacement,mm,-0.5067161,22.36
2023-09-02 11:40:09,f_070_Aggegate,Orthogonal Displacement,mm,-0.508396,22.16
2023-09-02 11:50:09,f_070_Aggegate,Orthogonal Displacement,mm,-0.5068688,22.36
2023-09-02 12:00:09,f_070_Aggegate,Orthogonal Displacement,mm,-0.5051889,22.56
2023-09-02 12:10:09,f_070_Aggegate,Orthogonal Displacement,mm,-0.5042726,22.56
2023-09-02 12:20:09,f_070_Aggegate,Orthogonal Displacement,mm,-0.504578,22.56
2023-09-02 12:30:09,f_070_Aggegate,Orthogonal Displacement,mm,-0.5041198,22.36
2023-09-02 12:40:09,f_070_Aggegate,Orthogonal Displacement,mm,-0.5027454,22.36
2023-09-02 12:50:09,f_070_Aggegate,Orthogonal Displacement,mm,-0.5028981,22.36
2023-09-02 13:00:09,f_070_Aggegate,Orthogonal Displacement,mm,-0.5019818,22.56
2023-09-02 13:10:09,f_070_Aggegate,Orthogonal Displacement,mm,-0.5024399,22.36
2023-09-02 13:20:09,f_070_Aggegate,Orthogonal Displacement,mm,-0.5013709,22.56
2023-09-02 13:30:09,f_070_Aggegate,Orthogonal Displacement,mm,-0.5003018,22.56
2023-09-02 13:40:09,f_070_Aggegate,Orthogonal Displacement,mm,-0.5009127,22.56
2023-09-02 13:50:09,f_070_Aggegate,Orthogonal Displacement,mm,-0.4999964,22.77
2023-09-02 14:00:09,f_070_Aggegate,Orthogonal Displacement,mm,-0.4998437,22.56
2023-09-02 14:10:09,f_070_Aggegate,Orthogonal Displacement,mm,-0.4993856,22.56
2023-09-02 14:20:09,f_070_Aggegate,Orthogonal Displacement,mm,-0.4992328,22.56
2023-09-02 14:30:09,f_070_Aggegate,Orthogonal Displacement,mm,-0.4995382,22.56
2023-09-02 14:40:09,f_070_Aggegate,Orthogonal Displacement,mm,-0.499691,22.56
2023-09-02 14:50:09,f_070_Aggegate,Orthogonal Displacement,mm,-0.4990801,22.56
2023-09-02 15:00:09,f_070_Aggegate,Orthogonal Displacement,mm,-0.4983165,22.36
2023-09-02 15:10:09,f_070_Aggegate,Orthogonal Displacement,mm,-0.4986219,22.56
2023-09-02 15:20:09,f_070_Aggegate,Orthogonal Displacement,mm,-0.4986219,22.56
2023-09-02 15:30:09,f_070_Aggegate,Orthogonal Displacement,mm,-0.4983165,22.56
2023-09-02 15:40:09,f_070_Aggegate,Orthogonal Displacement,mm,-0.4977056,22.36
2023-09-02 15:50:09,f_070_Aggegate,Orthogonal Displacement,mm,-0.4980111,22.56
2023-09-02 16:00:09,f_070_Aggegate,Orthogonal Displacement,mm,-0.4980111,22.56
2023-09-02 16:10:09,f_070_Aggegate,Orthogonal Displacement,mm,-0.4967893,22.56
2023-09-02 16:20:09,f_070_Aggegate,Orthogonal Displacement,mm,-0.4967893,22.36
2023-09-02 16:30:09,f_070_Aggegate,Orthogonal Displacement,mm,-0.4955676,22.56
2023-09-02 16:40:09,f_070_Aggegate,Orthogonal Displacement,mm,-0.494804,22.36
2023-09-02 16:50:09,f_070_Aggegate,Orthogonal Displacement,mm,-0.4943458,22.36
2023-09-02 17:00:09,f_070_Aggegate,Orthogonal Displacement,mm,-0.494804,22.56
2023-09-02 17:10:09,f_070_Aggegate,Orthogonal Displacement,mm,-0.4943458,22.36
2023-09-02 17:20:09,f_070_Aggegate,Orthogonal Displacement,mm,-0.4946513,22.36
2023-09-02 17:30:09,f_070_Aggegate,Orthogonal Displacement,mm,-0.4954149,22.36
2023-09-02 17:40:09,f_070_Aggegate,Orthogonal Displacement,mm,-0.494804,22.56
2023-09-02 17:50:09,f_070_Aggegate,Orthogonal Displacement,mm,-0.4949567,22.56
2023-09-02 18:00:09,f_070_Aggegate,Orthogonal Displacement,mm,-0.4944986,22.56
2023-09-02 18:10:09,f_070_Aggegate,Orthogonal Displacement,mm,-0.493735,22.56
2023-09-02 18:20:09,f_070_Aggegate,Orthogonal Displacement,mm,-0.4944986,22.56
2023-09-02 18:30:09,f_070_Aggegate,Orthogonal Displacement,mm,-0.4946513,22.56
2023-09-02 18:40:09,f_070_Aggegate,Orthogonal Displacement,mm,-0.4934296,22.36
2023-09-02 18:50:09,f_070_Aggegate,Orthogonal Displacement,mm,-0.4935823,22.36
2023-09-02 19:00:09,f_070_Aggegate,Orthogonal Displacement,mm,-0.4940405,22.36
2023-09-02 19:10:09,f_070_Aggegate,Orthogonal Displacement,mm,-0.4934296,22.56
2023-09-02 19:20:09,f_070_Aggegate,Orthogonal Displacement,mm,-0.492666,22.56
2023-09-02 19:30:09,f_070_Aggegate,Orthogonal Displacement,mm,-0.4940405,22.77
2023-09-02 19:40:09,f_070_Aggegate,Orthogonal Displacement,mm,-0.493735,22.77
2023-09-02 19:50:09,f_070_Aggegate,Orthogonal Displacement,mm,-0.4940405,22.56
2023-09-02 20:00:09,f_070_Aggegate,Orthogonal Displacement,mm,-0.4938878,22.56
2023-09-02 20:10:09,f_070_Aggegate,Orthogonal Displacement,mm,-0.4929714,22.36
2023-09-02 20:20:09,f_070_Aggegate,Orthogonal Displacement,mm,-0.4941932,22.36
2023-09-02 20:30:09,f_070_Aggegate,Orthogonal Displacement,mm,-0.4932769,22.56
2023-09-02 20:40:09,f_070_Aggegate,Orthogonal Displacement,mm,-0.4935823,22.56
2023-09-02 20:50:09,f_070_Aggegate,Orthogonal Displacement,mm,-0.4935823,22.56
2023-09-02 21:00:09,f_070_Aggegate,Orthogonal Displacement,mm,-0.4934296,22.36
2023-09-02 21:10:09,f_070_Aggegate,Orthogonal Displacement,mm,-0.4932769,22.56
2023-09-02 21:20:09,f_070_Aggegate,Orthogonal Displacement,mm,-0.4943459,22.36
2023-09-02 21:30:09,f_070_Aggegate,Orthogonal Displacement,mm,-0.4934296,22.56
2023-09-02 21:40:09,f_070_Aggegate,Orthogonal Displacement,mm,-0.4934296,22.56
2023-09-02 21:50:09,f_070_Aggegate,Orthogonal Displacement,mm,-0.4935823,22.56
2023-09-02 22:00:09,f_070_Aggegate,Orthogonal Displacement,mm,-0.4943459,22.77
2023-09-02 22:10:09,f_070_Aggegate,Orthogonal Displacement,mm,-0.4940405,22.56
2023-09-02 22:20:09,f_070_Aggegate,Orthogonal Displacement,mm,-0.4948041,22.56
2023-09-02 22:30:09,f_070_Aggegate,Orthogonal Displacement,mm,-0.4946513,22.56
2023-09-02 22:40:09,f_070_Aggegate,Orthogonal Displacement,mm,-0.4948041,22.56
2023-09-02 22:50:09,f_070_Aggegate,Orthogonal Displacement,mm,-0.4940405,22.56
2023-09-02 23:00:09,f_070_Aggegate,Orthogonal Displacement,mm,-0.4938878,22.56
2023-09-02 23:10:09,f_070_Aggegate,Orthogonal Displacement,mm,-0.4943459,22.56
2023-09-02 23:20:09,f_070_Aggegate,Orthogonal Displacement,mm,-0.4948041,22.56
2023-09-02 23:30:09,f_070_Aggegate,Orthogonal Displacement,mm,-0.4940405,22.56
2023-09-02 23:40:09,f_070_Aggegate,Orthogonal Displacement,mm,-0.4940405,22.56
2023-09-02 23:50:09,f_070_Aggegate,Orthogonal Displacement,mm,-0.4941932,22.56
2023-09-03 00:00:09,f_070_Aggegate,Orthogonal Displacement,mm,-0.4943459,22.56
2023-09-03 00:10:09,f_070_Aggegate,Orthogonal Displacement,mm,-0.4938878,22.56
2023-09-03 00:20:09,f_070_Aggegate,Orthogonal Displacement,mm,-0.4940405,22.56
2023-09-03 00:30:09,f_070_Aggegate,Orthogonal Displacement,mm,-0.493735,22.56
2023-09-03 00:40:09,f_070_Aggegate,Orthogonal Displacement,mm,-0.4941932,22.56
2023-09-03 00:50:09,f_070_Aggegate,Orthogonal Displacement,mm,-0.4938878,22.36
2023-09-03 01:00:09,f_070_Aggegate,Orthogonal Displacement,mm,-0.4938878,22.56
2023-09-03 01:10:09,f_070_Aggegate,Orthogonal Displacement,mm,-0.4943459,22.36
2023-09-03 01:20:09,f_070_Aggegate,Orthogonal Displacement,mm,-0.4943459,22.56
2023-09-03 01:30:09,f_070_Aggegate,Orthogonal Displacement,mm,-0.492666,22.36
2023-09-03 01:40:09,f_070_Aggegate,Orthogonal Displacement,mm,-0.4932769,22.56
2023-09-03 01:50:09,f_070_Aggegate,Orthogonal Displacement,mm,-0.4934296,22.56
2023-09-03 02:00:09,f_070_Aggegate,Orthogonal Displacement,mm,-0.4928187,22.56
2023-09-03 02:10:09,f_070_Aggegate,Orthogonal Displacement,mm,-0.4928187,22.16
2023-09-03 02:20:09,f_070_Aggegate,Orthogonal Displacement,mm,-0.4929715,22.16
2023-09-03 02:30:09,f_070_Aggegate,Orthogonal Displacement,mm,-0.4938878,22.56
2023-09-03 02:40:09,f_070_Aggegate,Orthogonal Displacement,mm,-0.493735,22.36
2023-09-03 02:50:09,f_070_Aggegate,Orthogonal Displacement,mm,-0.493735,22.56
2023-09-03 03:00:09,f_070_Aggegate,Orthogonal Displacement,mm,-0.492666,22.56
2023-09-03 03:10:09,f_070_Aggegate,Orthogonal Displacement,mm,-0.4928187,22.56
2023-09-03 03:20:09,f_070_Aggegate,Orthogonal Displacement,mm,-0.4929715,22.56
2023-09-03 03:30:09,f_070_Aggegate,Orthogonal Displacement,mm,-0.4932769,22.56
2023-09-03 03:40:09,f_070_Aggegate,Orthogonal Displacement,mm,-0.4920551,22.56
2023-09-03 03:50:09,f_070_Aggegate,Orthogonal Displacement,mm,-0.4931242,22.56
2023-09-03 04:00:09,f_070_Aggegate,Orthogonal Displacement,mm,-0.4919024,22.36
2023-09-03 04:10:09,f_070_Aggegate,Orthogonal Displacement,mm,-0.4922079,22.56
2023-09-03 04:20:09,f_070_Aggegate,Orthogonal Displacement,mm,-0.4920552,22.56
2023-09-03 04:30:09,f_070_Aggegate,Orthogonal Displacement,mm,-0.491597,22.56
2023-09-03 04:40:09,f_070_Aggegate,Orthogonal Displacement,mm,-0.4914443,22.36
2023-09-03 04:50:09,f_070_Aggegate,Orthogonal Displacement,mm,-0.4917497,22.56
2023-09-03 05:00:09,f_070_Aggegate,Orthogonal Displacement,mm,-0.4928188,22.56
2023-09-03 05:10:09,f_070_Aggegate,Orthogonal Displacement,mm,-0.4923606,22.36
2023-09-03 05:20:09,f_070_Aggegate,Orthogonal Displacement,mm,-0.4922079,22.36
2023-09-03 05:30:09,f_070_Aggegate,Orthogonal Displacement,mm,-0.491597,22.36
2023-09-03 05:40:09,f_070_Aggegate,Orthogonal Displacement,mm,-0.552073,22.16
2023-09-03 05:50:09,f_070_Aggegate,Orthogonal Displacement,mm,-0.553142,22.36
2023-09-03 06:00:09,f_070_Aggegate,Orthogonal Displacement,mm,-0.5526839,22.36
2023-09-03 06:10:09,f_070_Aggegate,Orthogonal Displacement,mm,-0.5532947,22.36
2023-09-03 06:20:09,f_070_Aggegate,Orthogonal Displacement,mm,-0.5532947,22.36
2023-09-03 06:30:09,f_070_Aggegate,Orthogonal Displacement,mm,-0.5534474,22.16
2023-09-03 06:40:09,f_070_Aggegate,Orthogonal Displacement,mm,-0.5539056,22.16
2023-09-03 06:50:09,f_070_Aggegate,Orthogonal Displacement,mm,-0.5534474,22.16
2023-09-03 07:00:09,f_070_Aggegate,Orthogonal Displacement,mm,-0.5539056,22.56
2023-09-03 07:10:09,f_070_Aggegate,Orthogonal Displacement,mm,-0.5543638,22.36
2023-09-03 07:20:09,f_070_Aggegate,Orthogonal Displacement,mm,-0.565054,22.16
2023-09-03 07:30:09,f_070_Aggegate,Orthogonal Displacement,mm,-0.565054,22.16
2023-09-03 07:40:09,f_070_Aggegate,Orthogonal Displacement,mm,-0.5656648,22.16
2023-09-03 07:50:09,f_070_Aggegate,Orthogonal Displacement,mm,-0.5662757,22.36
2023-09-03 08:00:09,f_070_Aggegate,Orthogonal Displacement,mm,-0.5662757,22.36
2023-09-03 08:10:09,f_070_Aggegate,Orthogonal Displacement,mm,-0.5664284,22.36
2023-09-03 08:20:09,f_070_Aggegate,Orthogonal Displacement,mm,-0.5662757,22.36
2023-09-03 08:30:09,f_070_Aggegate,Orthogonal Displacement,mm,-0.5679556,22.36
2023-09-03 08:40:09,f_070_Aggegate,Orthogonal Displacement,mm,-0.5681083,22.36
2023-09-03 08:50:09,f_070_Aggegate,Orthogonal Displacement,mm,-0.5664284,22.36
2023-09-03 09:00:09,f_070_Aggegate,Orthogonal Displacement,mm,-0.5679556,22.36
2023-09-03 09:10:09,f_070_Aggegate,Orthogonal Displacement,mm,-0.5667338,22.36
2023-09-03 09:20:09,f_070_Aggegate,Orthogonal Displacement,mm,-0.5679556,22.56
2023-09-03 09:30:09,f_070_Aggegate,Orthogonal Displacement,mm,-0.5746751,22.36
2023-09-03 09:40:09,f_070_Aggegate,Orthogonal Displacement,mm,-0.5806311,22.36
2023-09-03 09:50:09,f_070_Aggegate,Orthogonal Displacement,mm,-0.5817002,22.36
2023-09-03 10:00:09,f_070_Aggegate,Orthogonal Displacement,mm,-0.5807838,22.56
2023-09-03 10:10:09,f_070_Aggegate,Orthogonal Displacement,mm,-0.5807838,22.56
2023-09-03 10:20:09,f_070_Aggegate,Orthogonal Displacement,mm,-0.5820056,22.16
2023-09-03 10:30:09,f_070_Aggegate,Orthogonal Displacement,mm,-0.5826164,22.36
2023-09-03 10:40:09,f_070_Aggegate,Orthogonal Displacement,mm,-0.5826164,22.56
2023-09-03 10:50:09,f_070_Aggegate,Orthogonal Displacement,mm,-0.5830746,22.56
2023-09-03 11:00:09,f_070_Aggegate,Orthogonal Displacement,mm,-0.5827692,22.56
2023-09-03 11:10:09,f_070_Aggegate,Orthogonal Displacement,mm,-0.5835328,22.56
2023-09-03 11:20:09,f_070_Aggegate,Orthogonal Displacement,mm,-0.58338,22.56
2023-09-03 11:30:09,f_070_Aggegate,Orthogonal Displacement,mm,-0.582311,22.56
2023-09-03 11:40:09,f_070_Aggegate,Orthogonal Displacement,mm,-0.582311,22.36
2023-09-03 11:50:09,f_070_Aggegate,Orthogonal Displacement,mm,-0.582311,22.56
2023-09-03 12:00:09,f_070_Aggegate,Orthogonal Displacement,mm,-0.5820056,22.36
2023-09-03 12:10:09,f_070_Aggegate,Orthogonal Displacement,mm,-0.582311,22.56
2023-09-03 12:20:09,f_070_Aggegate,Orthogonal Displacement,mm,-0.5835328,22.36
2023-09-03 12:30:09,f_070_Aggegate,Orthogonal Displacement,mm,-0.58338,22.36
2023-09-03 12:40:09,f_070_Aggegate,Orthogonal Displacement,mm,-0.5849072,22.36
2023-09-03 12:50:09,f_070_Aggegate,Orthogonal Displacement,mm,-0.5850599,22.36
2023-09-03 13:00:09,f_070_Aggegate,Orthogonal Displacement,mm,-0.5856708,22.36
2023-09-03 13:10:09,f_070_Aggegate,Orthogonal Displacement,mm,-0.5852126,22.36
2023-09-03 13:20:09,f_070_Aggegate,Orthogonal Displacement,mm,-0.5868925,22.36
2023-09-03 13:30:09,f_070_Aggegate,Orthogonal Displacement,mm,-0.5870453,22.56
2023-09-03 13:40:09,f_070_Aggegate,Orthogonal Displacement,mm,-0.5875034,22.36
2023-09-03 13:50:09,f_070_Aggegate,Orthogonal Displacement,mm,-0.5879616,22.36
2023-09-03 14:00:09,f_070_Aggegate,Orthogonal Displacement,mm,-0.5878088,22.56
2023-09-03 14:10:09,f_070_Aggegate,Orthogonal Displacement,mm,-0.5881143,22.36
2023-09-03 14:20:09,f_070_Aggegate,Orthogonal Displacement,mm,-0.5867398,22.77
2023-09-03 14:30:09,f_070_Aggegate,Orthogonal Displacement,mm,-0.5868925,22.56
2023-09-03 14:40:09,f_070_Aggegate,Orthogonal Displacement,mm,-0.5876561,22.56
2023-09-03 14:50:09,f_070_Aggegate,Orthogonal Displacement,mm,-0.5868925,22.56
2023-09-03 15:00:09,f_070_Aggegate,Orthogonal Displacement,mm,-0.5821583,22.56
2023-09-03 15:10:09,f_070_Aggegate,Orthogonal Displacement,mm,-0.586129,22.56
2023-09-03 15:20:09,f_070_Aggegate,Orthogonal Displacement,mm,-0.5865871,22.56
2023-09-03 15:30:09,f_070_Aggegate,Orthogonal Displacement,mm,-0.5858235,22.56
2023-09-03 15:40:09,f_070_Aggegate,Orthogonal Displacement,mm,-0.5859762,22.36
2023-09-03 15:50:09,f_070_Aggegate,Orthogonal Displacement,mm,-0.5867398,22.77
2023-09-03 16:00:09,f_070_Aggegate,Orthogonal Displacement,mm,-0.5873507,22.56
2023-09-03 16:10:09,f_070_Aggegate,Orthogonal Displacement,mm,-0.5875034,22.56
2023-09-03 16:20:09,f_070_Aggegate,Orthogonal Displacement,mm,-0.5862817,22.36
2023-09-03 16:30:09,f_070_Aggegate,Orthogonal Displacement,mm,-0.586129,22.77
2023-09-03 16:40:09,f_070_Aggegate,Orthogonal Displacement,mm,-0.5852126,22.56
2023-09-03 16:50:09,f_070_Aggegate,Orthogonal Displacement,mm,-0.5864344,22.56
2023-09-03 17:00:09,f_070_Aggegate,Orthogonal Displacement,mm,-0.5864344,22.77
2023-09-03 17:10:09,f_070_Aggegate,Orthogonal Displacement,mm,-0.5862817,22.56
2023-09-03 17:20:09,f_070_Aggegate,Orthogonal Displacement,mm,-0.5865871,22.56
2023-09-03 17:30:09,f_070_Aggegate,Orthogonal Displacement,mm,-0.5862817,22.56
2023-09-03 17:40:09,f_070_Aggegate,Orthogonal Displacement,mm,-0.586129,22.56
2023-09-03 17:50:09,f_070_Aggegate,Orthogonal Displacement,mm,-0.5878088,22.77
2023-09-03 18:00:09,f_070_Aggegate,Orthogonal Displacement,mm,-0.5876561,22.56
2023-09-03 18:10:09,f_070_Aggegate,Orthogonal Displacement,mm,-0.5873507,22.77
2023-09-03 18:20:09,f_070_Aggegate,Orthogonal Displacement,mm,-0.587198,22.56
2023-09-03 18:30:09,f_070_Aggegate,Orthogonal Displacement,mm,-0.5870453,22.77
2023-09-03 18:40:09,f_070_Aggegate,Orthogonal Displacement,mm,-0.5864344,22.56
2023-09-03 18:50:09,f_070_Aggegate,Orthogonal Displacement,mm,-0.5873507,22.77
2023-09-03 19:00:09,f_070_Aggegate,Orthogonal Displacement,mm,-0.5873507,22.77
2023-09-03 19:10:09,f_070_Aggegate,Orthogonal Displacement,mm,-0.5879616,22.56
2023-09-03 19:20:09,f_070_Aggegate,Orthogonal Displacement,mm,-0.5865871,22.56
2023-09-03 19:30:09,f_070_Aggegate,Orthogonal Displacement,mm,-0.5865871,22.77
2023-09-03 19:40:09,f_070_Aggegate,Orthogonal Displacement,mm,-0.5858235,22.77
2023-09-03 19:50:09,f_070_Aggegate,Orthogonal Displacement,mm,-0.587198,22.56
2023-09-03 20:00:09,f_070_Aggegate,Orthogonal Displacement,mm,-0.5876561,22.77
2023-09-03 20:10:09,f_070_Aggegate,Orthogonal Displacement,mm,-0.5868925,22.56
2023-09-03 20:20:09,f_070_Aggegate,Orthogonal Displacement,mm,-0.5870453,22.56
2023-09-03 20:30:09,f_070_Aggegate,Orthogonal Displacement,mm,-0.5875034,22.56
2023-09-03 20:40:09,f_070_Aggegate,Orthogonal Displacement,mm,-0.5867398,22.56
2023-09-03 20:50:09,f_070_Aggegate,Orthogonal Displacement,mm,-0.5873507,22.77
2023-09-03 21:00:09,f_070_Aggegate,Orthogonal Displacement,mm,-0.5870453,22.56
2023-09-03 21:10:09,f_070_Aggegate,Orthogonal Displacement,mm,-0.5870453,22.77
2023-09-03 21:20:09,f_070_Aggegate,Orthogonal Displacement,mm,-0.5888779,22.56
2023-09-03 21:30:09,f_070_Aggegate,Orthogonal Displacement,mm,-0.5876561,22.36
2023-09-03 21:40:09,f_070_Aggegate,Orthogonal Displacement,mm,-0.5873507,22.36
2023-09-03 21:50:09,f_070_Aggegate,Orthogonal Displacement,mm,-0.5876561,22.56
2023-09-03 22:00:09,f_070_Aggegate,Orthogonal Displacement,mm,-0.5879616,22.56
2023-09-03 22:10:09,f_070_Aggegate,Orthogonal Displacement,mm,-0.5887251,22.36
2023-09-03 22:20:09,f_070_Aggegate,Orthogonal Displacement,mm,-0.5887251,22.36
2023-09-03 22:30:09,f_070_Aggegate,Orthogonal Displacement,mm,-0.5881143,22.77
2023-09-03 22:40:09,f_070_Aggegate,Orthogonal Displacement,mm,-0.5875034,22.56
2023-09-03 22:50:09,f_070_Aggegate,Orthogonal Displacement,mm,-0.5864344,22.56
2023-09-03 23:00:09,f_070_Aggegate,Orthogonal Displacement,mm,-0.5884197,22.77
2023-09-03 23:10:09,f_070_Aggegate,Orthogonal Displacement,mm,-0.5876561,22.56
2023-09-03 23:20:09,f_070_Aggegate,Orthogonal Displacement,mm,-0.5878088,22.56
2023-09-03 23:30:09,f_070_Aggegate,Orthogonal Displacement,mm,-0.588267,22.56
2023-09-03 23:40:09,f_070_Aggegate,Orthogonal Displacement,mm,-0.5875034,22.56
2023-09-03 23:50:09,f_070_Aggegate,Orthogonal Displacement,mm,-0.5875034,22.77
2023-09-04 00:00:09,f_070_Aggegate,Orthogonal Displacement,mm,-0.587198,22.56
2023-09-04 00:10:09,f_070_Aggegate,Orthogonal Displacement,mm,-0.5868925,22.77
2023-09-04 00:20:09,f_070_Aggegate,Orthogonal Displacement,mm,-0.5876561,22.77
2023-09-04 00:30:09,f_070_Aggegate,Orthogonal Displacement,mm,-0.5884197,22.77
2023-09-04 00:40:09,f_070_Aggegate,Orthogonal Displacement,mm,-0.5885724,22.77
2023-09-04 00:50:09,f_070_Aggegate,Orthogonal Displacement,mm,-0.5868925,22.56
2023-09-04 01:00:09,f_070_Aggegate,Orthogonal Displacement,mm,-0.5876561,22.36
2023-09-04 01:10:09,f_070_Aggegate,Orthogonal Displacement,mm,-0.5878088,22.36
2023-09-04 01:20:09,f_070_Aggegate,Orthogonal Displacement,mm,-0.587198,22.36
2023-09-04 01:30:09,f_070_Aggegate,Orthogonal Displacement,mm,-0.5878088,22.56
2023-09-04 01:40:09,f_070_Aggegate,Orthogonal Displacement,mm,-0.5876561,22.56
2023-09-04 01:50:09,f_070_Aggegate,Orthogonal Displacement,mm,-0.5885724,22.56
2023-09-04 02:00:09,f_070_Aggegate,Orthogonal Displacement,mm,-0.5884197,22.56
2023-09-04 02:10:09,f_070_Aggegate,Orthogonal Displacement,mm,-0.5881143,22.77
2023-09-04 02:20:09,f_070_Aggegate,Orthogonal Displacement,mm,-0.5879616,22.56
2023-09-04 02:30:09,f_070_Aggegate,Orthogonal Displacement,mm,-0.5875034,22.56
2023-09-04 02:40:09,f_070_Aggegate,Orthogonal Displacement,mm,-0.5876561,22.56
2023-09-04 02:50:09,f_070_Aggegate,Orthogonal Displacement,mm,-0.5884197,22.56
2023-09-04 03:00:09,f_070_Aggegate,Orthogonal Displacement,mm,-0.5881143,22.56
2023-09-04 03:10:09,f_070_Aggegate,Orthogonal Displacement,mm,-0.4511277,22.56
2023-09-04 03:20:09,f_070_Aggegate,Orthogonal Displacement,mm,-0.4389105,22.56
2023-09-04 03:30:09,f_070_Aggegate,Orthogonal Displacement,mm,-0.4381469,22.56
2023-09-04 03:40:09,f_070_Aggegate,Orthogonal Displacement,mm,-0.4389105,22.77
2023-09-04 03:50:09,f_070_Aggegate,Orthogonal Displacement,mm,-0.4382996,22.56
2023-09-04 04:00:09,f_070_Aggegate,Orthogonal Displacement,mm,-0.4381469,22.56
2023-09-04 04:10:09,f_070_Aggegate,Orthogonal Displacement,mm,-0.438605,22.36
2023-09-04 04:20:09,f_070_Aggegate,Orthogonal Displacement,mm,-0.4378414,22.56
2023-09-04 04:30:09,f_070_Aggegate,Orthogonal Displacement,mm,-0.4387578,22.36
2023-09-04 04:40:09,f_070_Aggegate,Orthogonal Displacement,mm,-0.4387578,22.36
2023-09-04 04:50:09,f_070_Aggegate,Orthogonal Displacement,mm,-0.4387578,22.56
2023-09-04 05:00:09,f_070_Aggegate,Orthogonal Displacement,mm,-0.437536,22.56
2023-09-04 05:10:09,f_070_Aggegate,Orthogonal Displacement,mm,-0.4386051,22.36
2023-09-04 05:20:09,f_070_Aggegate,Orthogonal Displacement,mm,-0.4379942,22.36
2023-09-04 05:30:09,f_070_Aggegate,Orthogonal Displacement,mm,-0.4386051,22.56
2023-09-04 05:40:09,f_070_Aggegate,Orthogonal Displacement,mm,-0.4372306,22.56
2023-09-04 05:50:09,f_070_Aggegate,Orthogonal Displacement,mm,-0.4376888,22.77
2023-09-04 06:00:09,f_070_Aggegate,Orthogonal Displacement,mm,-0.4378415,22.56
2023-09-04 06:10:09,f_070_Aggegate,Orthogonal Displacement,mm,-0.4373834,22.36
2023-09-04 06:20:09,f_070_Aggegate,Orthogonal Displacement,mm,-0.4366198,22.36
2023-09-04 06:30:09,f_070_Aggegate,Orthogonal Displacement,mm,-0.4378415,22.36
2023-09-04 06:40:09,f_070_Aggegate,Orthogonal Displacement,mm,-0.4373834,22.56
2023-09-04 06:50:09,f_070_Aggegate,Orthogonal Displacement,mm,-0.4372306,22.56
2023-09-04 07:00:09,f_070_Aggegate,Orthogonal Displacement,mm,-0.4369252,22.56
2023-09-04 07:10:09,f_070_Aggegate,Orthogonal Displacement,mm,-0.4373833,22.36
2023-09-04 07:20:09,f_070_Aggegate,Orthogonal Displacement,mm,-0.4373833,22.36
2023-09-04 07:30:09,f_070_Aggegate,Orthogonal Displacement,mm,-0.4381469,22.77
2023-09-04 07:40:09,f_070_Aggegate,Orthogonal Displacement,mm,-0.4372306,22.56
2023-09-04 07:50:09,f_070_Aggegate,Orthogonal Displacement,mm,-0.4363143,22.56
2023-09-04 08:00:09,f_070_Aggegate,Orthogonal Displacement,mm,-0.4372306,22.56
2023-09-04 08:10:09,f_070_Aggegate,Orthogonal Displacement,mm,-0.4378415,22.56
2023-09-04 08:20:09,f_070_Aggegate,Orthogonal Displacement,mm,-0.4378415,22.56
2023-09-04 08:30:09,f_070_Aggegate,Orthogonal Displacement,mm,-0.4370779,22.56
2023-09-04 08:40:09,f_070_Aggegate,Orthogonal Displacement,mm,-0.4378415,22.56
2023-09-04 08:50:09,f_070_Aggegate,Orthogonal Displacement,mm,-0.4387578,22.36
2023-09-04 09:00:09,f_070_Aggegate,Orthogonal Displacement,mm,-0.4378414,22.36
2023-09-04 09:10:09,f_070_Aggegate,Orthogonal Displacement,mm,-0.437536,22.77
2023-09-04 09:20:09,f_070_Aggegate,Orthogonal Displacement,mm,-0.438605,22.56
2023-09-04 09:30:09,f_070_Aggegate,Orthogonal Displacement,mm,-0.4382996,22.56
2023-09-04 09:40:09,f_070_Aggegate,Orthogonal Displacement,mm,-0.4381469,22.77
2023-09-04 09:50:09,f_070_Aggegate,Orthogonal Displacement,mm,-0.4390632,22.36
2023-09-04 10:00:09,f_070_Aggegate,Orthogonal Displacement,mm,-0.4395213,22.56
2023-09-04 10:10:09,f_070_Aggegate,Orthogonal Displacement,mm,-0.4395213,22.56
2023-09-04 10:20:09,f_070_Aggegate,Orthogonal Displacement,mm,-0.4393686,22.56
2023-09-04 10:30:09,f_070_Aggegate,Orthogonal Displacement,mm,-0.4407431,22.56
2023-09-04 10:40:09,f_070_Aggegate,Orthogonal Displacement,mm,-0.4407431,22.36
2023-09-04 10:50:09,f_070_Aggegate,Orthogonal Displacement,mm,-0.4408958,22.56
2023-09-04 11:00:09,f_070_Aggegate,Orthogonal Displacement,mm,-0.4412012,22.56
2023-09-04 11:10:09,f_070_Aggegate,Orthogonal Displacement,mm,-0.4415066,22.36
2023-09-04 11:20:09,f_070_Aggegate,Orthogonal Displacement,mm,-0.4401322,22.36
2023-09-04 11:30:09,f_070_Aggegate,Orthogonal Displacement,mm,-0.4404376,22.77
2023-09-04 11:40:09,f_070_Aggegate,Orthogonal Displacement,mm,-0.4404376,22.77
2023-09-04 11:50:09,f_070_Aggegate,Orthogonal Displacement,mm,-0.4402849,22.77
2023-09-04 12:00:09,f_070_Aggegate,Orthogonal Displacement,mm,-0.4404376,22.77
2023-09-04 12:10:09,f_070_Aggegate,Orthogonal Displacement,mm,-0.4404376,22.56
2023-09-04 12:20:09,f_070_Aggegate,Orthogonal Displacement,mm,-0.439674,22.56
2023-09-04 12:30:09,f_070_Aggegate,Orthogonal Displacement,mm,-0.4395213,22.56
2023-09-04 12:40:09,f_070_Aggegate,Orthogonal Displacement,mm,-0.4398267,22.77
2023-09-04 12:50:09,f_070_Aggegate,Orthogonal Displacement,mm,-0.4402848,22.77
2023-09-04 13:00:09,f_070_Aggegate,Orthogonal Displacement,mm,-0.4402848,22.77
2023-09-04 13:10:09,f_070_Aggegate,Orthogonal Displacement,mm,-0.4404376,22.77
2023-09-04 13:20:09,f_070_Aggegate,Orthogonal Displacement,mm,-0.4398267,22.56
2023-09-04 13:30:09,f_070_Aggegate,Orthogonal Displacement,mm,-0.4393685,22.56
2023-09-04 13:40:09,f_070_Aggegate,Orthogonal Displacement,mm,-0.4389104,22.36
2023-09-04 13:50:09,f_070_Aggegate,Orthogonal Displacement,mm,-0.4381467,22.56
2023-09-04 14:00:09,f_070_Aggegate,Orthogonal Displacement,mm,-0.4387576,22.56
2023-09-04 14:10:09,f_070_Aggegate,Orthogonal Displacement,mm,-0.4389103,22.56
2023-09-04 14:20:09,f_070_Aggegate,Orthogonal Displacement,mm,-0.4378413,22.56
2023-09-04 14:30:09,f_070_Aggegate,Orthogonal Displacement,mm,-0.4373831,22.56
2023-09-04 14:40:09,f_070_Aggegate,Orthogonal Displacement,mm,-0.4384522,22.77
2023-09-04 14:50:09,f_070_Aggegate,Orthogonal Displacement,mm,-0.436925,22.77
2023-09-04 15:00:09,f_070_Aggegate,Orthogonal Displacement,mm,-0.436925,22.56
2023-09-04 15:10:09,f_070_Aggegate,Orthogonal Displacement,mm,-0.436925,22.56
2023-09-04 15:20:09,f_070_Aggegate,Orthogonal Displacement,mm,-0.4355505,22.56
2023-09-04 15:30:09,f_070_Aggegate,Orthogonal Displacement,mm,-0.4355505,22.56
2023-09-04 15:40:09,f_070_Aggegate,Orthogonal Displacement,mm,-0.4346342,22.77
2023-09-04 15:50:09,f_070_Aggegate,Orthogonal Displacement,mm,-0.4343287,22.77
2023-09-04 16:00:09,f_070_Aggegate,Orthogonal Displacement,mm,-0.4340233,22.97
2023-09-04 16:10:09,f_070_Aggegate,Orthogonal Displacement,mm,-0.4340233,22.56
2023-09-04 16:20:09,f_070_Aggegate,Orthogonal Displacement,mm,-0.4338706,22.77
2023-09-04 16:30:09,f_070_Aggegate,Orthogonal Displacement,mm,-0.4334124,22.56
2023-09-04 16:40:09,f_070_Aggegate,Orthogonal Displacement,mm,-0.4328015,22.56
2023-09-04 16:50:09,f_070_Aggegate,Orthogonal Displacement,mm,-0.4318852,22.56
2023-09-04 17:00:09,f_070_Aggegate,Orthogonal Displacement,mm,-0.4321907,22.97
2023-09-04 17:10:09,f_070_Aggegate,Orthogonal Displacement,mm,-0.4324961,22.97
2023-09-04 17:20:09,f_070_Aggegate,Orthogonal Displacement,mm,-0.4321907,22.56
2023-09-04 17:30:09,f_070_Aggegate,Orthogonal Displacement,mm,-0.4318852,22.77
2023-09-04 17:40:09,f_070_Aggegate,Orthogonal Displacement,mm,-0.4318852,22.77
2023-09-04 17:50:09,f_070_Aggegate,Orthogonal Displacement,mm,-0.4314271,22.77
2023-09-04 18:00:09,f_070_Aggegate,Orthogonal Displacement,mm,-0.4308162,22.77
2023-09-04 18:10:09,f_070_Aggegate,Orthogonal Displacement,mm,-0.4311216,22.56
2023-09-04 18:20:09,f_070_Aggegate,Orthogonal Displacement,mm,-0.4308162,22.56
2023-09-04 18:30:09,f_070_Aggegate,Orthogonal Displacement,mm,-0.4305107,22.77
2023-09-04 18:40:09,f_070_Aggegate,Orthogonal Displacement,mm,-0.4298999,22.56
2023-09-04 18:50:09,f_070_Aggegate,Orthogonal Displacement,mm,-0.4295944,22.77
2023-09-04 19:00:09,f_070_Aggegate,Orthogonal Displacement,mm,-0.4295944,22.77
2023-09-04 19:10:09,f_070_Aggegate,Orthogonal Displacement,mm,-0.429289,22.77
2023-09-04 19:20:09,f_070_Aggegate,Orthogonal Displacement,mm,-0.4286781,22.77
2023-09-04 19:30:09,f_070_Aggegate,Orthogonal Displacement,mm,-0.4283727,22.56
2023-09-04 19:40:09,f_070_Aggegate,Orthogonal Displacement,mm,-0.42822,22.77
2023-09-04 19:50:09,f_070_Aggegate,Orthogonal Displacement,mm,-0.4277618,22.77
2023-09-04 20:00:09,f_070_Aggegate,Orthogonal Displacement,mm,-0.4273036,22.77
2023-09-04 20:10:09,f_070_Aggegate,Orthogonal Displacement,mm,-0.4273036,22.77
2023-09-04 20:20:09,f_070_Aggegate,Orthogonal Displacement,mm,-0.4277618,22.56
2023-09-04 20:30:09,f_070_Aggegate,Orthogonal Displacement,mm,-0.4276091,22.56
2023-09-04 20:40:09,f_070_Aggegate,Orthogonal Displacement,mm,-0.4273036,22.77
2023-09-04 20:50:09,f_070_Aggegate,Orthogonal Displacement,mm,-0.4274563,22.77
2023-09-04 21:00:09,f_070_Aggegate,Orthogonal Displacement,mm,-0.4263873,22.56
2023-09-04 21:10:09,f_070_Aggegate,Orthogonal Displacement,mm,-0.4269982,22.77
2023-09-04 21:20:09,f_070_Aggegate,Orthogonal Displacement,mm,-0.4257765,22.56
2023-09-04 21:30:09,f_070_Aggegate,Orthogonal Displacement,mm,-0.4269982,22.97
2023-09-04 21:40:09,f_070_Aggegate,Orthogonal Displacement,mm,-0.42654,22.56
2023-09-04 21:50:09,f_070_Aggegate,Orthogonal Displacement,mm,-0.4256237,22.97
2023-09-04 22:00:09,f_070_Aggegate,Orthogonal Displacement,mm,-0.4257765,22.56
2023-09-04 22:10:09,f_070_Aggegate,Orthogonal Displacement,mm,-0.425471,22.56
2023-09-04 22:20:09,f_070_Aggegate,Orthogonal Displacement,mm,-0.4253183,22.56
2023-09-04 22:30:09,f_070_Aggegate,Orthogonal Displacement,mm,-0.4250129,22.77
2023-09-04 22:40:09,f_070_Aggegate,Orthogonal Displacement,mm,-0.4256237,22.77
2023-09-04 22:50:09,f_070_Aggegate,Orthogonal Displacement,mm,-0.4263873,22.56
2023-09-04 23:00:09,f_070_Aggegate,Orthogonal Displacement,mm,-0.4253183,22.77
2023-09-04 23:10:09,f_070_Aggegate,Orthogonal Displacement,mm,-0.4256237,22.77
2023-09-04 23:20:09,f_070_Aggegate,Orthogonal Displacement,mm,-0.425471,22.56
2023-09-04 23:30:09,f_070_Aggegate,Orthogonal Displacement,mm,-0.424402,22.56
2023-09-04 23:40:09,f_070_Aggegate,Orthogonal Displacement,mm,-0.4242493,22.56
2023-09-04 23:50:09,f_070_Aggegate,Orthogonal Displacement,mm,-0.4247074,22.77
2023-09-05 00:00:09,f_070_Aggegate,Orthogonal Displacement,mm,-0.4247074,22.77
2023-09-05 00:10:09,f_070_Aggegate,Orthogonal Displacement,mm,-0.4240966,22.77
2023-09-05 00:20:09,f_070_Aggegate,Orthogonal Displacement,mm,-0.4242493,22.56
2023-09-05 00:30:09,f_070_Aggegate,Orthogonal Displacement,mm,-0.424402,22.56
2023-09-05 00:40:09,f_070_Aggegate,Orthogonal Displacement,mm,-0.4247074,22.77
2023-09-05 00:50:09,f_070_Aggegate,Orthogonal Displacement,mm,-0.4242493,22.77
2023-09-05 01:00:09,f_070_Aggegate,Orthogonal Displacement,mm,-0.4240966,22.97
2023-09-05 01:10:09,f_070_Aggegate,Orthogonal Displacement,mm,-0.4236384,22.56
2023-09-05 01:20:09,f_070_Aggegate,Orthogonal Displacement,mm,-0.4221112,22.77
2023-09-05 01:30:09,f_070_Aggegate,Orthogonal Displacement,mm,-0.423333,22.56
2023-09-05 01:40:09,f_070_Aggegate,Orthogonal Displacement,mm,-0.4236384,22.77
2023-09-05 01:50:09,f_070_Aggegate,Orthogonal Displacement,mm,-0.4237911,22.77
2023-09-05 02:00:09,f_070_Aggegate,Orthogonal Displacement,mm,-0.4234857,22.77
2023-09-05 02:10:09,f_070_Aggegate,Orthogonal Displacement,mm,-0.4227221,22.56
2023-09-05 02:20:09,f_070_Aggegate,Orthogonal Displacement,mm,-0.4219585,22.56
2023-09-05 02:30:09,f_070_Aggegate,Orthogonal Displacement,mm,-0.422264,22.77
2023-09-05 02:40:09,f_070_Aggegate,Orthogonal Displacement,mm,-0.421195,22.56
2023-09-05 02:50:09,f_070_Aggegate,Orthogonal Displacement,mm,-0.423333,22.77
2023-09-05 03:00:09,f_070_Aggegate,Orthogonal Displacement,mm,-0.4227221,22.56
2023-09-05 03:10:09,f_070_Aggegate,Orthogonal Displacement,mm,-0.4224167,22.56
2023-09-05 03:20:09,f_070_Aggegate,Orthogonal Displacement,mm,-0.4216531,22.56
2023-09-05 03:30:09,f_070_Aggegate,Orthogonal Displacement,mm,-0.4221113,22.56
2023-09-05 03:40:09,f_070_Aggegate,Orthogonal Displacement,mm,-0.4215004,22.56
2023-09-05 03:50:09,f_070_Aggegate,Orthogonal Displacement,mm,-0.4224167,22.56
2023-09-05 04:00:09,f_070_Aggegate,Orthogonal Displacement,mm,-0.4218059,22.56
2023-09-05 04:10:09,f_070_Aggegate,Orthogonal Displacement,mm,-0.4219586,22.36
2023-09-05 04:20:09,f_070_Aggegate,Orthogonal Displacement,mm,-0.4218059,22.56
2023-09-05 04:30:09,f_070_Aggegate,Orthogonal Displacement,mm,-0.4215004,22.56
2023-09-05 04:40:09,f_070_Aggegate,Orthogonal Displacement,mm,-0.4207368,22.56
2023-09-05 04:50:09,f_070_Aggegate,Orthogonal Displacement,mm,-0.4205841,22.56
2023-09-05 05:00:09,f_070_Aggegate,Orthogonal Displacement,mm,-0.4198205,22.56
2023-09-05 05:10:09,f_070_Aggegate,Orthogonal Displacement,mm,-0.4198205,22.56
2023-09-05 05:20:09,f_070_Aggegate,Orthogonal Displacement,mm,-0.4199733,22.56
2023-09-05 05:30:09,f_070_Aggegate,Orthogonal Displacement,mm,-0.4182934,22.56
2023-09-05 05:40:09,f_070_Aggegate,Orthogonal Displacement,mm,-0.4192097,22.56
2023-09-05 05:50:09,f_070_Aggegate,Orthogonal Displacement,mm,-0.419057,22.56
2023-09-05 06:00:09,f_070_Aggegate,Orthogonal Displacement,mm,-0.4179879,22.36
2023-09-05 06:10:09,f_070_Aggegate,Orthogonal Displacement,mm,-0.4176825,22.77
2023-09-05 06:20:09,f_070_Aggegate,Orthogonal Displacement,mm,-0.4167662,22.56
2023-09-05 06:30:09,f_070_Aggegate,Orthogonal Displacement,mm,-0.4167662,22.77
2023-09-05 06:40:09,f_070_Aggegate,Orthogonal Displacement,mm,-0.4176825,22.56
2023-09-05 06:50:09,f_070_Aggegate,Orthogonal Displacement,mm,-0.4166135,22.56
2023-09-05 07:00:09,f_070_Aggegate,Orthogonal Displacement,mm,-0.4170716,22.56
2023-09-05 07:10:09,f_070_Aggegate,Orthogonal Displacement,mm,-0.4170716,22.77
2023-09-05 07:20:09,f_070_Aggegate,Orthogonal Displacement,mm,-0.4172244,22.77
2023-09-05 07:30:09,f_070_Aggegate,Orthogonal Displacement,mm,-0.4166135,22.56
2023-09-05 07:40:09,f_070_Aggegate,Orthogonal Displacement,mm,-0.4172244,22.56
2023-09-05 07:50:09,f_070_Aggegate,Orthogonal Displacement,mm,-0.4161553,22.77
2023-09-05 08:00:09,f_070_Aggegate,Orthogonal Displacement,mm,-0.4163081,22.77
2023-09-05 08:10:09,f_070_Aggegate,Orthogonal Displacement,mm,-0.4173771,22.77
2023-09-05 08:20:09,f_070_Aggegate,Orthogonal Displacement,mm,-0.4161553,22.36
2023-09-05 08:30:09,f_070_Aggegate,Orthogonal Displacement,mm,-0.4175298,22.77
2023-09-05 08:40:09,f_070_Aggegate,Orthogonal Displacement,mm,-0.4163081,22.36
2023-09-05 08:50:09,f_070_Aggegate,Orthogonal Displacement,mm,-0.4167662,22.56
2023-09-05 09:00:09,f_070_Aggegate,Orthogonal Displacement,mm,-0.416308,22.56
2023-09-05 09:10:09,f_070_Aggegate,Orthogonal Displacement,mm,-0.4172243,22.56
2023-09-05 09:20:09,f_070_Aggegate,Orthogonal Displacement,mm,-0.4172243,22.56
2023-09-05 09:30:09,f_070_Aggegate,Orthogonal Displacement,mm,-0.4173771,22.56
2023-09-05 09:40:09,f_070_Aggegate,Orthogonal Displacement,mm,-0.4179879,22.56
2023-09-05 09:50:09,f_070_Aggegate,Orthogonal Displacement,mm,-0.4170716,22.56
2023-09-05 10:00:09,f_070_Aggegate,Orthogonal Displacement,mm,-0.4167662,22.56
2023-09-05 10:10:09,f_070_Aggegate,Orthogonal Displacement,mm,-0.4172243,22.56
2023-09-05 10:20:09,f_070_Aggegate,Orthogonal Displacement,mm,-0.4185988,22.77
2023-09-05 10:30:09,f_070_Aggegate,Orthogonal Displacement,mm,-0.4190569,22.56
2023-09-05 10:40:09,f_070_Aggegate,Orthogonal Displacement,mm,-0.4181406,22.56
2023-09-05 10:50:09,f_070_Aggegate,Orthogonal Displacement,mm,-0.4178351,22.56
2023-09-05 11:00:09,f_070_Aggegate,Orthogonal Displacement,mm,-0.4190569,22.36
2023-09-05 11:10:09,f_070_Aggegate,Orthogonal Displacement,mm,-0.4181406,22.77
2023-09-05 11:20:09,f_070_Aggegate,Orthogonal Displacement,mm,-0.4176824,22.77
2023-09-05 11:30:09,f_070_Aggegate,Orthogonal Displacement,mm,-0.4028689,22.56
2023-09-05 11:40:09,f_070_Aggegate,Orthogonal Displacement,mm,-0.3970656,22.77
2023-09-05 11:50:09,f_070_Aggegate,Orthogonal Displacement,mm,-0.3964547,22.77
2023-09-05 12:00:09,f_070_Aggegate,Orthogonal Displacement,mm,-0.3975237,22.77
2023-09-05 12:10:09,f_070_Aggegate,Orthogonal Displacement,mm,-0.3967601,22.56
2023-09-05 12:20:09,f_070_Aggegate,Orthogonal Displacement,mm,-0.396302,22.56
2023-09-05 12:30:09,f_070_Aggegate,Orthogonal Displacement,mm,-0.3969128,22.56
2023-09-05 12:40:09,f_070_Aggegate,Orthogonal Displacement,mm,-0.3976764,22.77
2023-09-05 12:50:09,f_070_Aggegate,Orthogonal Displacement,mm,-0.3963019,22.77
2023-09-05 13:00:09,f_070_Aggegate,Orthogonal Displacement,mm,-0.3970655,22.77
2023-09-05 13:10:09,f_070_Aggegate,Orthogonal Displacement,mm,-0.3969128,22.77
2023-09-05 13:20:09,f_070_Aggegate,Orthogonal Displacement,mm,-0.3963019,22.56
2023-09-05 13:30:09,f_070_Aggegate,Orthogonal Displacement,mm,-0.3964546,22.77
2023-09-05 13:40:09,f_070_Aggegate,Orthogonal Displacement,mm,-0.3966073,22.77
2023-09-05 13:50:09,f_070_Aggegate,Orthogonal Displacement,mm,-0.395691,22.56
2023-09-05 14:00:09,f_070_Aggegate,Orthogonal Displacement,mm,-0.3955383,22.56
2023-09-05 14:10:09,f_070_Aggegate,Orthogonal Displacement,mm,-0.395691,22.36
2023-09-05 14:20:09,f_070_Aggegate,Orthogonal Displacement,mm,-0.3940111,22.77
2023-09-05 14:30:09,f_070_Aggegate,Orthogonal Displacement,mm,-0.394622,22.97
2023-09-05 14:40:09,f_070_Aggegate,Orthogonal Displacement,mm,-0.3935529,22.77
2023-09-05 14:50:09,f_070_Aggegate,Orthogonal Displacement,mm,-0.3932475,22.77
2023-09-05 15:00:09,f_070_Aggegate,Orthogonal Displacement,mm,-0.3926366,22.77
2023-09-05 15:10:09,f_070_Aggegate,Orthogonal Displacement,mm,-0.3923312,22.77
2023-09-05 15:20:09,f_070_Aggegate,Orthogonal Displacement,mm,-0.3927893,22.56
2023-09-05 15:30:09,f_070_Aggegate,Orthogonal Displacement,mm,-0.3935529,22.97
2023-09-05 15:40:09,f_070_Aggegate,Orthogonal Displacement,mm,-0.392942,22.77
2023-09-05 15:50:09,f_070_Aggegate,Orthogonal Displacement,mm,-0.3920257,22.77
2023-09-05 16:00:09,f_070_Aggegate,Orthogonal Displacement,mm,-0.3920257,22.77
2023-09-05 16:10:09,f_070_Aggegate,Orthogonal Displacement,mm,-0.3904985,23.17
2023-09-05 16:20:09,f_070_Aggegate,Orthogonal Displacement,mm,-0.3901931,22.97
2023-09-05 16:30:09,f_070_Aggegate,Orthogonal Displacement,mm,-0.3901931,22.77
2023-09-05 16:40:09,f_070_Aggegate,Orthogonal Displacement,mm,-0.3895823,22.97
2023-09-05 16:50:09,f_070_Aggegate,Orthogonal Displacement,mm,-0.3903459,22.77
2023-09-05 17:00:09,f_070_Aggegate,Orthogonal Displacement,mm,-0.3912622,22.97
2023-09-05 17:10:09,f_070_Aggegate,Orthogonal Displacement,mm,-0.3906513,22.77
2023-09-05 17:20:09,f_070_Aggegate,Orthogonal Displacement,mm,-0.3914149,22.97
2023-09-05 17:30:09,f_070_Aggegate,Orthogonal Displacement,mm,-0.390804,22.56
2023-09-05 17:40:09,f_070_Aggegate,Orthogonal Displacement,mm,-0.3909567,22.56
2023-09-05 17:50:09,f_070_Aggegate,Orthogonal Displacement,mm,-0.3903458,22.77
2023-09-05 18:00:09,f_070_Aggegate,Orthogonal Displacement,mm,-0.3917202,22.77
2023-09-05 18:10:09,f_070_Aggegate,Orthogonal Displacement,mm,-0.3912621,22.77
2023-09-05 18:20:09,f_070_Aggegate,Orthogonal Displacement,mm,-0.3903458,22.77
2023-09-05 18:30:09,f_070_Aggegate,Orthogonal Displacement,mm,-0.3901931,22.97
2023-09-05 18:40:09,f_070_Aggegate,Orthogonal Displacement,mm,-0.390804,22.77
2023-09-05 18:50:09,f_070_Aggegate,Orthogonal Displacement,mm,-0.3904985,22.77
2023-09-05 19:00:09,f_070_Aggegate,Orthogonal Displacement,mm,-0.3892768,22.77
2023-09-05 19:10:09,f_070_Aggegate,Orthogonal Displacement,mm,-0.3894295,22.77
2023-09-05 19:20:09,f_070_Aggegate,Orthogonal Displacement,mm,-0.3892768,22.77
2023-09-05 19:30:09,f_070_Aggegate,Orthogonal Displacement,mm,-0.3897349,22.77
2023-09-05 19:40:09,f_070_Aggegate,Orthogonal Displacement,mm,-0.3889713,22.97
2023-09-05 19:50:09,f_070_Aggegate,Orthogonal Displacement,mm,-0.3897349,22.97
2023-09-05 20:00:09,f_070_Aggegate,Orthogonal Displacement,mm,-0.3883604,22.77
2023-09-05 20:10:09,f_070_Aggegate,Orthogonal Displacement,mm,-0.3889713,22.77
2023-09-05 20:20:09,f_070_Aggegate,Orthogonal Displacement,mm,-0.3886659,22.77
2023-09-05 20:30:09,f_070_Aggegate,Orthogonal Displacement,mm,-0.3882077,22.77
2023-09-05 20:40:09,f_070_Aggegate,Orthogonal Displacement,mm,-0.3877496,22.97
2023-09-05 20:50:09,f_070_Aggegate,Orthogonal Displacement,mm,-0.388055,22.97
2023-09-05 21:00:09,f_070_Aggegate,Orthogonal Displacement,mm,-0.3879023,22.77
2023-09-05 21:10:09,f_070_Aggegate,Orthogonal Displacement,mm,-0.3883605,22.77
2023-09-05 21:20:09,f_070_Aggegate,Orthogonal Displacement,mm,-0.3871387,22.77
2023-09-05 21:30:09,f_070_Aggegate,Orthogonal Displacement,mm,-0.386986,22.77
2023-09-05 21:40:09,f_070_Aggegate,Orthogonal Displacement,mm,-0.3863751,22.77
2023-09-05 21:50:09,f_070_Aggegate,Orthogonal Displacement,mm,-0.3866806,22.56
2023-09-05 22:00:09,f_070_Aggegate,Orthogonal Displacement,mm,-0.3883605,22.77
2023-09-05 22:10:09,f_070_Aggegate,Orthogonal Displacement,mm,-0.3868333,22.97
2023-09-05 22:20:09,f_070_Aggegate,Orthogonal Displacement,mm,-0.3860697,22.77
2023-09-05 22:30:09,f_070_Aggegate,Orthogonal Displacement,mm,-0.3866806,22.97
2023-09-05 22:40:09,f_070_Aggegate,Orthogonal Displacement,mm,-0.3862224,22.77
2023-09-05 22:50:09,f_070_Aggegate,Orthogonal Displacement,mm,-0.3868333,22.97
2023-09-05 23:00:09,f_070_Aggegate,Orthogonal Displacement,mm,-0.3860697,22.77
2023-09-05 23:10:09,f_070_Aggegate,Orthogonal Displacement,mm,-0.385917,22.77
2023-09-05 23:20:09,f_070_Aggegate,Orthogonal Displacement,mm,-0.3850006,22.77
2023-09-05 23:30:09,f_070_Aggegate,Orthogonal Displacement,mm,-0.3846952,22.77
2023-09-05 23:40:09,f_070_Aggegate,Orthogonal Displacement,mm,-0.3845425,22.77
2023-09-05 23:50:09,f_070_Aggegate,Orthogonal Displacement,mm,-0.3853061,22.77
2023-09-06 00:00:09,f_070_Aggegate,Orthogonal Displacement,mm,-0.3851534,22.77
2023-09-06 00:10:09,f_070_Aggegate,Orthogonal Displacement,mm,-0.3842371,22.77
2023-09-06 00:20:09,f_070_Aggegate,Orthogonal Displacement,mm,-0.3840844,23.17
2023-09-06 00:30:09,f_070_Aggegate,Orthogonal Displacement,mm,-0.3837789,22.56
2023-09-06 00:40:09,f_070_Aggegate,Orthogonal Displacement,mm,-0.3839317,22.56
2023-09-06 00:50:09,f_070_Aggegate,Orthogonal Displacement,mm,-0.3839317,22.56
2023-09-06 01:00:09,f_070_Aggegate,Orthogonal Displacement,mm,-0.3834735,22.97
2023-09-06 01:10:09,f_070_Aggegate,Orthogonal Displacement,mm,-0.3831681,22.77
2023-09-06 01:20:09,f_070_Aggegate,Orthogonal Displacement,mm,-0.3828627,22.56
2023-09-06 01:30:09,f_070_Aggegate,Orthogonal Displacement,mm,-0.3820991,22.56
2023-09-06 01:40:09,f_070_Aggegate,Orthogonal Displacement,mm,-0.3831681,22.77
2023-09-06 01:50:09,f_070_Aggegate,Orthogonal Displacement,mm,-0.3836263,22.77
2023-09-06 02:00:09,f_070_Aggegate,Orthogonal Displacement,mm,-0.3833208,22.97
2023-09-06 02:10:09,f_070_Aggegate,Orthogonal Displacement,mm,-0.3825572,22.77
2023-09-06 02:20:09,f_070_Aggegate,Orthogonal Displacement,mm,-0.3824045,22.77
2023-09-06 02:30:09,f_070_Aggegate,Orthogonal Displacement,mm,-0.3822518,22.77
2023-09-06 02:40:09,f_070_Aggegate,Orthogonal Displacement,mm,-0.3820991,22.77
2023-09-06 02:50:09,f_070_Aggegate,Orthogonal Displacement,mm,-0.3816409,22.77
2023-09-06 03:00:09,f_070_Aggegate,Orthogonal Displacement,mm,-0.3811828,22.77
2023-09-06 03:10:09,f_070_Aggegate,Orthogonal Displacement,mm,-0.3802665,22.77
2023-09-06 03:20:09,f_070_Aggegate,Orthogonal Displacement,mm,-0.3793502,22.77
2023-09-06 03:30:09,f_070_Aggegate,Orthogonal Displacement,mm,-0.3793502,22.77
2023-09-06 03:40:09,f_070_Aggegate,Orthogonal Displacement,mm,-0.3808773,22.77
2023-09-06 03:50:09,f_070_Aggegate,Orthogonal Displacement,mm,-0.3798084,22.77
2023-09-06 04:00:09,f_070_Aggegate,Orthogonal Displacement,mm,-0.3795029,22.77
2023-09-06 04:10:09,f_070_Aggegate,Orthogonal Displacement,mm,-20.05449,22.77
2023-09-06 04:20:09,f_070_Aggegate,Orthogonal Displacement,mm,-20.03067,22.97
2023-09-06 04:30:09,f_070_Aggegate,Orthogonal Displacement,mm,-19.9182,23.58
2023-09-06 04:40:09,f_070_Aggegate,Orthogonal Displacement,mm,-19.92053,23.58
2023-09-06 04:50:09,f_070_Aggegate,Orthogonal Displacement,mm,-19.92006,23.78
2023-09-06 05:00:09,f_070_Aggegate,Orthogonal Displacement,mm,-19.91419,23.99
2023-09-06 05:10:09,f_070_Aggegate,Orthogonal Displacement,mm,-19.90784,23.99
2023-09-06 05:20:09,f_070_Aggegate,Orthogonal Displacement,mm,-19.90491,23.99
2023-09-06 05:30:09,f_070_Aggegate,Orthogonal Displacement,mm,-19.90181,23.99
2023-09-06 05:40:09,f_070_Aggegate,Orthogonal Displacement,mm,-19.89949,23.99
2023-09-06 05:50:09,f_070_Aggegate,Orthogonal Displacement,mm,-19.89918,24.19
2023-09-06 06:00:09,f_070_Aggegate,Orthogonal Displacement,mm,-19.89748,24.19
2023-09-06 06:10:09,f_070_Aggegate,Orthogonal Displacement,mm,-19.89795,24.19
2023-09-06 06:20:09,f_070_Aggegate,Orthogonal Displacement,mm,-19.89578,23.99
2023-09-06 06:30:09,f_070_Aggegate,Orthogonal Displacement,mm,-19.89485,23.99
2023-09-06 06:40:09,f_070_Aggegate,Orthogonal Displacement,mm,-19.893,24.39
2023-09-06 06:50:09,f_070_Aggegate,Orthogonal Displacement,mm,-19.8899,23.99
2023-09-06 07:00:09,f_070_Aggegate,Orthogonal Displacement,mm,-19.89021,24.19
2023-09-06 07:10:09,f_070_Aggegate,Orthogonal Displacement,mm,-19.89191,23.99
2023-09-06 07:20:09,f_070_Aggegate,Orthogonal Displacement,mm,-19.89068,24.19
2023-09-06 07:30:09,f_070_Aggegate,Orthogonal Displacement,mm,-19.8913,24.19
2023-09-06 07:40:09,f_070_Aggegate,Orthogonal Displacement,mm,-19.8913,23.99
2023-09-06 07:50:09,f_070_Aggegate,Orthogonal Displacement,mm,-19.88944,23.99
2023-09-06 08:00:09,f_070_Aggegate,Orthogonal Displacement,mm,-19.88944,24.19
2023-09-06 08:10:09,f_070_Aggegate,Orthogonal Displacement,mm,-19.88557,24.19
2023-09-06 08:20:09,f_070_Aggegate,Orthogonal Displacement,mm,-19.88666,23.99
2023-09-06 08:30:09,f_070_Aggegate,Orthogonal Displacement,mm,-19.8882,24.19
2023-09-06 08:40:09,f_070_Aggegate,Orthogonal Displacement,mm,-19.88882,24.19
2023-09-06 08:50:09,f_070_Aggegate,Orthogonal Displacement,mm,-19.88728,24.19
2023-09-06 09:00:09,f_070_Aggegate,Orthogonal Displacement,mm,-19.88666,24.19
2023-09-06 09:10:09,f_070_Aggegate,Orthogonal Displacement,mm,-19.88465,24.19
2023-09-06 09:20:09,f_070_Aggegate,Orthogonal Displacement,mm,-19.88434,24.39
2023-09-06 09:30:09,f_070_Aggegate,Orthogonal Displacement,mm,-19.8695,24.39
2023-09-06 09:40:09,f_070_Aggegate,Orthogonal Displacement,mm,-19.8534,24.19
2023-09-06 09:50:09,f_070_Aggegate,Orthogonal Displacement,mm,-19.85588,23.99
2023-09-06 10:00:09,f_070_Aggegate,Orthogonal Displacement,mm,-19.85603,23.99
2023-09-06 10:10:09,f_070_Aggegate,Orthogonal Displacement,mm,-19.85758,24.39
2023-09-06 10:20:09,f_070_Aggegate,Orthogonal Displacement,mm,-19.85681,24.19
2023-09-06 10:30:09,f_070_Aggegate,Orthogonal Displacement,mm,-19.8534,24.19
2023-09-06 10:40:09,f_070_Aggegate,Orthogonal Displacement,mm,-19.85325,24.19
2023-09-06 10:50:09,f_070_Aggegate,Orthogonal Displacement,mm,-19.85294,24.19
2023-09-06 11:00:09,f_070_Aggegate,Orthogonal Displacement,mm,-19.85108,24.19
2023-09-06 11:10:09,f_070_Aggegate,Orthogonal Displacement,mm,-19.84876,24.19
2023-09-06 11:20:09,f_070_Aggegate,Orthogonal Displacement,mm,-19.84784,24.19
2023-09-06 11:30:09,f_070_Aggegate,Orthogonal Displacement,mm,-19.84474,24.39
2023-09-06 11:40:09,f_070_Aggegate,Orthogonal Displacement,mm,-19.84165,24.19
2023-09-06 11:50:09,f_070_Aggegate,Orthogonal Displacement,mm,-19.83654,24.39
2023-09-06 12:00:09,f_070_Aggegate,Orthogonal Displacement,mm,-19.83546,24.19
2023-09-06 12:10:09,f_070_Aggegate,Orthogonal Displacement,mm,-19.83469,24.19
2023-09-06 12:20:09,f_070_Aggegate,Orthogonal Displacement,mm,-19.83221,24.19
2023-09-06 12:30:09,f_070_Aggegate,Orthogonal Displacement,mm,-19.83129,24.39
2023-09-06 12:40:09,f_070_Aggegate,Orthogonal Displacement,mm,-19.82711,24.19
2023-09-06 12:50:09,f_070_Aggegate,Orthogonal Displacement,mm,-19.82572,24.39
2023-09-06 13:00:09,f_070_Aggegate,Orthogonal Displacement,mm,-19.82262,24.19
2023-09-06 13:10:09,f_070_Aggegate,Orthogonal Displacement,mm,-19.82417,24.39
2023-09-06 13:20:09,f_070_Aggegate,Orthogonal Displacement,mm,-19.82123,24.39
2023-09-06 13:30:09,f_070_Aggegate,Orthogonal Displacement,mm,-19.82092,24.6
2023-09-06 13:40:09,f_070_Aggegate,Orthogonal Displacement,mm,-19.8169,24.39
2023-09-06 13:50:09,f_070_Aggegate,Orthogonal Displacement,mm,-19.81427,24.39
2023-09-06 14:00:09,f_070_Aggegate,Orthogonal Displacement,mm,-19.81443,24.39
2023-09-06 14:10:09,f_070_Aggegate,Orthogonal Displacement,mm,-19.81427,24.39
2023-09-06 14:20:09,f_070_Aggegate,Orthogonal Displacement,mm,-19.81288,24.8
2023-09-06 14:30:09,f_070_Aggegate,Orthogonal Displacement,mm,-19.8101,24.8
2023-09-06 14:40:09,f_070_Aggegate,Orthogonal Displacement,mm,-19.80902,24.6
2023-09-06 14:50:09,f_070_Aggegate,Orthogonal Displacement,mm,-19.8067,24.39
2023-09-06 15:00:09,f_070_Aggegate,Orthogonal Displacement,mm,-19.80128,24.6
2023-09-06 15:10:09,f_070_Aggegate,Orthogonal Displacement,mm,-19.80113,24.6
2023-09-06 15:20:09,f_070_Aggegate,Orthogonal Displacement,mm,-19.7852,24.6
2023-09-06 15:30:09,f_070_Aggegate,Orthogonal Displacement,mm,-19.78164,24.8
2023-09-06 15:40:09,f_070_Aggegate,Orthogonal Displacement,mm,-19.77963,24.8
2023-09-06 15:50:09,f_070_Aggegate,Orthogonal Displacement,mm,-19.77654,24.8
2023-09-06 16:00:09,f_070_Aggegate,Orthogonal Displacement,mm,-19.77081,24.8
2023-09-06 16:10:09,f_070_Aggegate,Orthogonal Displacement,mm,-19.76803,24.8
2023-09-06 16:20:09,f_070_Aggegate,Orthogonal Displacement,mm,-19.76896,24.6
2023-09-06 16:30:09,f_070_Aggegate,Orthogonal Displacement,mm,-19.76818,24.6
2023-09-06 16:40:09,f_070_Aggegate,Orthogonal Displacement,mm,-19.76788,24.6
2023-09-06 16:50:09,f_070_Aggegate,Orthogonal Displacement,mm,-19.76571,24.8
2023-09-06 17:00:09,f_070_Aggegate,Orthogonal Displacement,mm,-19.76556,24.39
2023-09-06 17:10:09,f_070_Aggegate,Orthogonal Displacement,mm,-19.76215,24.6
2023-09-06 17:20:09,f_070_Aggegate,Orthogonal Displacement,mm,-19.76355,24.6
2023-09-06 17:30:09,f_070_Aggegate,Orthogonal Displacement,mm,-19.76262,24.6
2023-09-06 17:40:09,f_070_Aggegate,Orthogonal Displacement,mm,-19.75921,24.39
2023-09-06 17:50:09,f_070_Aggegate,Orthogonal Displacement,mm,-19.75519,24.6
2023-09-06 18:00:09,f_070_Aggegate,Orthogonal Displacement,mm,-19.74947,24.39
2023-09-06 18:10:09,f_070_Aggegate,Orthogonal Displacement,mm,-19.74916,24.6
2023-09-06 18:20:09,f_070_Aggegate,Orthogonal Displacement,mm,-19.74885,24.6
2023-09-06 18:30:09,f_070_Aggegate,Orthogonal Displacement,mm,-19.74808,24.6
2023-09-06 18:40:09,f_070_Aggegate,Orthogonal Displacement,mm,-19.74731,24.6
2023-09-06 18:50:09,f_070_Aggegate,Orthogonal Displacement,mm,-19.74715,24.6
2023-09-06 19:00:09,f_070_Aggegate,Orthogonal Displacement,mm,-19.74591,24.6
2023-09-06 19:10:09,f_070_Aggegate,Orthogonal Displacement,mm,-19.74483,24.6
2023-09-06 19:20:09,f_070_Aggegate,Orthogonal Displacement,mm,-19.74468,24.8
2023-09-06 19:30:09,f_070_Aggegate,Orthogonal Displacement,mm,-19.74545,24.6
2023-09-06 19:40:09,f_070_Aggegate,Orthogonal Displacement,mm,-19.74313,24.6
2023-09-06 19:50:09,f_070_Aggegate,Orthogonal Displacement,mm,-19.7388,24.6
2023-09-06 20:00:09,f_070_Aggegate,Orthogonal Displacement,mm,-19.73493,24.8
2023-09-06 20:10:09,f_070_Aggegate,Orthogonal Displacement,mm,-19.73493,24.6
2023-09-06 20:20:09,f_070_Aggegate,Orthogonal Displacement,mm,-19.73664,24.6
2023-09-06 20:30:09,f_070_Aggegate,Orthogonal Displacement,mm,-19.73927,24.6
2023-09-06 20:40:09,f_070_Aggegate,Orthogonal Displacement,mm,-19.73849,24.6
2023-09-06 20:50:09,f_070_Aggegate,Orthogonal Displacement,mm,-19.73988,24.6
2023-09-06 21:00:09,f_070_Aggegate,Orthogonal Displacement,mm,-19.74267,24.39
2023-09-06 21:10:09,f_070_Aggegate,Orthogonal Displacement,mm,-19.74189,24.6
2023-09-06 21:20:09,f_070_Aggegate,Orthogonal Displacement,mm,-19.74313,24.6
2023-09-06 21:30:09,f_070_Aggegate,Orthogonal Displacement,mm,-19.74267,24.6
2023-09-06 21:40:09,f_070_Aggegate,Orthogonal Displacement,mm,-19.74282,24.6
2023-09-06 21:50:09,f_070_Aggegate,Orthogonal Displacement,mm,-19.74313,24.39
2023-09-06 22:00:09,f_070_Aggegate,Orthogonal Displacement,mm,-19.74267,24.39
2023-09-06 22:10:09,f_070_Aggegate,Orthogonal Displacement,mm,-19.74298,24.39
2023-09-06 22:20:09,f_070_Aggegate,Orthogonal Displacement,mm,-19.74205,24.6
2023-09-06 22:30:09,f_070_Aggegate,Orthogonal Displacement,mm,-19.74174,24.39
2023-09-06 22:40:09,f_070_Aggegate,Orthogonal Displacement,mm,-19.7419,24.39
2023-09-06 22:50:09,f_070_Aggegate,Orthogonal Displacement,mm,-19.74128,24.39
2023-09-06 23:00:09,f_070_Aggegate,Orthogonal Displacement,mm,-19.74205,24.39
2023-09-06 23:10:09,f_070_Aggegate,Orthogonal Displacement,mm,-19.74081,24.6
2023-09-06 23:20:09,f_070_Aggegate,Orthogonal Displacement,mm,-19.74128,24.6
2023-09-06 23:30:09,f_070_Aggegate,Orthogonal Displacement,mm,-19.74128,24.39
2023-09-06 23:40:09,f_070_Aggegate,Orthogonal Displacement,mm,-19.74128,24.39
2023-09-06 23:50:09,f_070_Aggegate,Orthogonal Displacement,mm,-19.74035,24.39
2023-09-07 00:00:09,f_070_Aggegate,Orthogonal Displacement,mm,-19.74035,24.39
2023-09-07 00:10:09,f_070_Aggegate,Orthogonal Displacement,mm,-19.74158,24.39
2023-09-07 00:20:09,f_070_Aggegate,Orthogonal Displacement,mm,-19.74236,24.39
2023-09-07 00:30:09,f_070_Aggegate,Orthogonal Displacement,mm,-19.74313,24.39
2023-09-07 00:40:09,f_070_Aggegate,Orthogonal Displacement,mm,-19.7436,24.39
2023-09-07 00:50:09,f_070_Aggegate,Orthogonal Displacement,mm,-19.74329,24.19
2023-09-07 01:00:09,f_070_Aggegate,Orthogonal Displacement,mm,-19.74344,24.39
2023-09-07 01:10:09,f_070_Aggegate,Orthogonal Displacement,mm,-19.74344,24.39
2023-09-07 01:20:09,f_070_Aggegate,Orthogonal Displacement,mm,-19.74422,24.39
2023-09-07 01:30:09,f_070_Aggegate,Orthogonal Displacement,mm,-19.74468,24.39
2023-09-07 01:40:09,f_070_Aggegate,Orthogonal Displacement,mm,-19.74452,24.19
2023-09-07 01:50:09,f_070_Aggegate,Orthogonal Displacement,mm,-19.74592,24.39
2023-09-07 02:00:09,f_070_Aggegate,Orthogonal Displacement,mm,-19.74592,24.39
2023-09-07 02:10:09,f_070_Aggegate,Orthogonal Displacement,mm,-19.74607,24.39
2023-09-07 02:20:09,f_070_Aggegate,Orthogonal Displacement,mm,-19.747,24.19
2023-09-07 02:30:09,f_070_Aggegate,Orthogonal Displacement,mm,-19.74468,24.39
2023-09-07 02:40:09,f_070_Aggegate,Orthogonal Displacement,mm,-19.74545,24.39
2023-09-07 02:50:09,f_070_Aggegate,Orthogonal Displacement,mm,-19.74545,24.19
2023-09-07 03:00:09,f_070_Aggegate,Orthogonal Displacement,mm,-19.74623,24.19
2023-09-07 03:10:09,f_070_Aggegate,Orthogonal Displacement,mm,-19.74653,24.19
2023-09-07 03:20:09,f_070_Aggegate,Orthogonal Displacement,mm,-19.74685,24.19
2023-09-07 03:30:09,f_070_Aggegate,Orthogonal Displacement,mm,-19.74685,24.39
2023-09-07 03:40:09,f_070_Aggegate,Orthogonal Displacement,mm,-19.74638,24.39
2023-09-07 03:50:09,f_070_Aggegate,Orthogonal Displacement,mm,-19.74607,24.19
2023-09-07 04:00:09,f_070_Aggegate,Orthogonal Displacement,mm,-19.74684,24.19
2023-09-07 04:10:09,f_070_Aggegate,Orthogonal Displacement,mm,-19.74746,24.19
2023-09-07 04:20:09,f_070_Aggegate,Orthogonal Displacement,mm,-19.74746,23.99
2023-09-07 04:30:09,f_070_Aggegate,Orthogonal Displacement,mm,-19.74669,24.39
2023-09-07 04:40:09,f_070_Aggegate,Orthogonal Displacement,mm,-19.74762,24.19
2023-09-07 04:50:09,f_070_Aggegate,Orthogonal Displacement,mm,-19.74978,24.19
2023-09-07 05:00:09,f_070_Aggegate,Orthogonal Displacement,mm,-19.74885,23.99
2023-09-07 05:10:09,f_070_Aggegate,Orthogonal Displacement,mm,-19.74963,24.19
2023-09-07 05:20:09,f_070_Aggegate,Orthogonal Displacement,mm,-19.74947,24.19
2023-09-07 05:30:09,f_070_Aggegate,Orthogonal Displacement,mm,-19.75117,24.19
2023-09-07 05:40:09,f_070_Aggegate,Orthogonal Displacement,mm,-19.75411,24.19
2023-09-07 05:50:09,f_070_Aggegate,Orthogonal Displacement,mm,-19.75504,23.99
2023-09-07 06:00:09,f_070_Aggegate,Orthogonal Displacement,mm,-19.75597,23.99
2023-09-07 06:10:09,f_070_Aggegate,Orthogonal Displacement,mm,-19.7569,23.99
2023-09-07 06:20:09,f_070_Aggegate,Orthogonal Displacement,mm,-19.75705,23.78
2023-09-07 06:30:09,f_070_Aggegate,Orthogonal Displacement,mm,-19.75813,23.99
2023-09-07 06:40:09,f_070_Aggegate,Orthogonal Displacement,mm,-19.75752,23.99
2023-09-07 06:50:09,f_070_Aggegate,Orthogonal Displacement,mm,-19.75705,23.78
2023-09-07 07:00:09,f_070_Aggegate,Orthogonal Displacement,mm,-19.75767,24.19
2023-09-07 07:10:09,f_070_Aggegate,Orthogonal Displacement,mm,-19.76092,23.99
2023-09-07 07:20:09,f_070_Aggegate,Orthogonal Displacement,mm,-19.762,23.99
2023-09-07 07:30:09,f_070_Aggegate,Orthogonal Displacement,mm,-19.76278,23.99
2023-09-07 07:40:09,f_070_Aggegate,Orthogonal Displacement,mm,-19.76386,23.99
2023-09-07 07:50:09,f_070_Aggegate,Orthogonal Displacement,mm,-19.76556,23.99
2023-09-07 08:00:09,f_070_Aggegate,Orthogonal Displacement,mm,-19.76711,23.78
2023-09-07 08:10:09,f_070_Aggegate,Orthogonal Displacement,mm,-19.76711,23.78
2023-09-07 08:20:09,f_070_Aggegate,Orthogonal Displacement,mm,-19.76494,23.78
2023-09-07 08:30:09,f_070_Aggegate,Orthogonal Displacement,mm,-19.76293,23.78
2023-09-07 08:40:09,f_070_Aggegate,Orthogonal Displacement,mm,-19.76324,24.19
2023-09-07 08:50:09,f_070_Aggegate,Orthogonal Displacement,mm,-19.76278,23.99
2023-09-07 09:00:09,f_070_Aggegate,Orthogonal Displacement,mm,-19.76138,23.99
2023-09-07 09:10:09,f_070_Aggegate,Orthogonal Displacement,mm,-19.76123,23.99
2023-09-07 09:20:09,f_070_Aggegate,Orthogonal Displacement,mm,-19.75937,24.19
2023-09-07 09:30:09,f_070_Aggegate,Orthogonal Displacement,mm,-19.75953,24.19
2023-09-07 09:40:09,f_070_Aggegate,Orthogonal Displacement,mm,-19.75845,23.99
2023-09-07 09:42:00,g_0_00-0_35,Y Axis Beam Displacement,mm,3.339658,24.085
2023-09-07 09:42:00,g_0_35-0_70,Y Axis Beam Displacement,mm,-13.63463,24.19
2023-09-07 09:42:00,g_0_70-1_05,Y Axis Beam Displacement,mm,-5.578031,23.885
2023-09-07 09:42:00,g_1_05-1_40,Y Axis Beam Displacement,mm,-7.969585,23.785
